city,2015-01,2015-02,2015-03,2015-04,2015-05,2015-06,2015-07,2015-08,2015-09,2015-10,2015-11,2015-12,2016-01,2016-02,2016-03,2016-04,2016-05,2016-06,2016-07,2016-08,2016-09,2016-10,2016-11,2016-12,2017-01,2017-02,2017-03,2017-04,2017-05,2017-06,2017-07,2017-08,2017-09,2017-10,2017-11,2017-12,2018-01,2018-02,2018-03,2018-04,2018-05,2018-06,2018-07,2018-08,2018-09,2018-10,2018-11,2018-12,2019-01,2019-02,2019-03,2019-04
上海,27744.0,27691.0,28285.0,27220.0,27518.0,28429.0,28328.0,28686.0,27759.0,29037.0,28451.0,28952.0,28602.0,30015.0,31924.0,31498.0,32233.0,31884.0,31397.0,32570.0,34150.0,31982.0,31847.0,32069.0,32018.0,31482.0,32012.0,32389.0,32315.0,32969.0,32337.0,32519.0,32064.0,32092.0,32373.0,32700.0,33842.0,33034.0,33301.0,33719.0,33654.0,34041.0,34395.0,33846.0,34806.0,33514.0,51619.0,34209.0,34055.0,36699.0,35687.0,35885.0
东莞,10393.0,10759.0,10918.0,10476.0,10683.0,10820.0,10316.0,10026.0,9588.0,9394.0,10516.0,10639.0,10684.0,11064.0,11738.0,12892.0,14325.0,12526.0,12512.0,11822.0,12791.0,12408.0,12284.0,12711.0,13184.0,13904.0,13637.0,12471.0,13290.0,13776.0,14615.0,15179.0,15664.0,15907.0,16237.0,16029.0,15970.0,17399.0,16703.0,16859.0,16875.0,18346.0,17491.0,17030.0,18131.0,17349.0,15468.0,17967.0,17953.0,17823.0,18113.0,18165.0
临沂,5720.0,6172.0,5115.0,6205.0,5254.0,5048.0,5937.0,5281.0,5552.0,4791.0,6096.0,5639.0,5158.0,5598.0,5550.0,5434.0,5098.0,4938.0,4997.0,5465.0,5487.0,5783.0,6385.0,5919.0,5732.0,6026.0,5546.0,5733.0,5950.0,5246.0,6148.0,5915.0,6912.0,6675.0,6488.0,6881.0,6669.0,6560.0,6556.0,7043.0,6876.0,6461.0,6583.0,6593.0,7597.0,7683.0,7196.0,7918.0,8723.0,10042.0,9234.0,9734.0
乌鲁木齐,9753.0,10273.0,10061.0,10751.0,8155.0,9347.0,13342.0,9691.0,11183.0,7774.0,9780.0,8695.0,8847.0,10317.0,9019.0,9263.0,8332.0,8170.0,9290.0,10074.0,10513.0,10283.0,9752.0,9360.0,9954.0,8823.0,9456.0,8660.0,9147.0,8843.0,9082.0,10383.0,9574.0,9582.0,9913.0,9813.0,10085.0,9334.0,10520.0,10062.0,10122.0,10607.0,10291.0,10300.0,10523.0,10639.0,8364.0,11161.0,10574.0,10473.0,10168.0,10483.0
佛山,10252.0,8204.0,10132.0,8757.0,9181.0,9696.0,9557.0,8210.0,7967.0,8763.0,8817.0,8765.0,8423.0,8620.0,9100.0,8103.0,8877.0,8817.0,9187.0,9628.0,9905.0,10001.0,9600.0,9166.0,8942.0,9670.0,10117.0,10622.0,11778.0,11690.0,11752.0,11792.0,11831.0,12116.0,13117.0,12330.0,12053.0,11740.0,12270.0,12394.0,11966.0,12469.0,13499.0,13927.0,12749.0,14849.0,12798.0,13239.0,13798.0,12956.0,13404.0,12557.0
兰州,10506.0,10563.0,11401.0,11459.0,11928.0,13094.0,11822.0,11441.0,10900.0,10857.0,12008.0,11976.0,12263.0,11260.0,11506.0,13300.0,13239.0,11979.0,11793.0,11886.0,12084.0,13113.0,12785.0,13951.0,14819.0,13152.0,13925.0,14823.0,13955.0,13526.0,14424.0,14270.0,13309.0,14395.0,13684.0,14351.0,13810.0,13796.0,14488.0,15758.0,14723.0,14875.0,14721.0,15277.0,15398.0,15005.0,11489.0,16172.0,16676.0,15911.0,15915.0,15060.0
北京,38518.0,37877.0,37432.0,36755.0,37899.0,38202.0,37179.0,37242.0,37525.0,37800.0,38315.0,36164.0,37643.0,37578.0,39104.0,39948.0,40952.0,41822.0,40846.0,41616.0,41585.0,41453.0,42279.0,44122.0,44587.0,43765.0,41437.0,43615.0,42526.0,43233.0,44994.0,43851.0,42809.0,42123.0,41869.0,43329.0,43665.0,44234.0,42786.0,44734.0,42480.0,42388.0,43355.0,41760.0,41765.0,43842.0,62298.0,42624.0,40751.0,41514.0,43461.0,41570.0
南京,18024.0,17368.0,16149.0,16290.0,16438.0,16155.0,16317.0,17091.0,16344.0,16393.0,16899.0,16941.0,17494.0,16676.0,17664.0,18010.0,18175.0,18352.0,17283.0,16951.0,17017.0,15940.0,18002.0,17766.0,17080.0,16352.0,18560.0,18850.0,19514.0,18912.0,17993.0,17895.0,18642.0,17369.0,17614.0,16637.0,17672.0,17289.0,16691.0,17108.0,17772.0,16685.0,18972.0,17694.0,17689.0,17740.0,29667.0,17875.0,17152.0,16715.0,16506.0,17303.0
南宁,9642.0,9144.0,9605.0,10931.0,10398.0,10059.0,10497.0,11584.0,9609.0,9832.0,10292.0,11398.0,10313.0,10272.0,9990.0,10523.0,10294.0,10210.0,10143.0,10513.0,10539.0,10382.0,10491.0,10735.0,10245.0,10684.0,10336.0,11170.0,10826.0,11116.0,11334.0,11703.0,11929.0,12003.0,11602.0,11543.0,11642.0,11651.0,12146.0,12391.0,12433.0,12296.0,12661.0,12469.0,12668.0,12939.0,11382.0,13061.0,12602.0,13325.0,13407.0,13384.0
南昌,11639.0,11903.0,11856.0,11516.0,11384.0,11162.0,11437.0,11835.0,11624.0,11762.0,11574.0,11740.0,11958.0,12005.0,11803.0,10292.0,11692.0,11066.0,10995.0,11420.0,12163.0,12634.0,12048.0,12564.0,12207.0,11940.0,11642.0,12224.0,11455.0,11596.0,11415.0,11466.0,11484.0,12325.0,12676.0,11159.0,12350.0,12186.0,12120.0,11230.0,11790.0,11921.0,12742.0,11773.0,12386.0,12852.0,11916.0,10812.0,11277.0,13031.0,12854.0,13180.0
南通,10374.0,12009.0,10539.0,9622.0,10784.0,10731.0,11066.0,10076.0,9630.0,8988.0,8885.0,8776.0,7931.0,9049.0,8317.0,9067.0,9203.0,9942.0,9471.0,10214.0,10333.0,9508.0,9951.0,10061.0,9627.0,9579.0,10238.0,10594.0,10668.0,10443.0,11658.0,12296.0,10675.0,12182.0,12000.0,13005.0,12087.0,10467.0,10963.0,11668.0,9513.0,10520.0,11693.0,12934.0,12275.0,12642.0,13689.0,13053.0,10606.0,16198.0,13049.0,10996.0
厦门,17713.0,19068.0,19396.0,19973.0,21451.0,17291.0,18083.0,21130.0,21960.0,20219.0,20760.0,20211.0,19637.0,21343.0,21516.0,21230.0,21594.0,21825.0,27132.0,28574.0,25980.0,26573.0,23321.0,23880.0,23992.0,29155.0,29563.0,22963.0,26907.0,23090.0,24066.0,23963.0,27039.0,26698.0,26109.0,20997.0,23170.0,24427.0,30296.0,28958.0,30030.0,31057.0,26771.0,25624.0,29941.0,23680.0,43216.0,23257.0,24607.0,19747.0,27062.0,26271.0
合肥,8188.0,8605.0,8588.0,7941.0,8277.0,8476.0,8882.0,8719.0,9181.0,8893.0,8678.0,8962.0,9104.0,9508.0,9500.0,10093.0,10492.0,10406.0,10431.0,11178.0,11030.0,11511.0,11011.0,10917.0,11491.0,11176.0,11303.0,11702.0,11710.0,11362.0,11587.0,12166.0,12462.0,11990.0,11863.0,12210.0,12468.0,11977.0,12786.0,12386.0,13003.0,12335.0,12225.0,11788.0,13145.0,12756.0,15589.0,12798.0,13229.0,13968.0,12028.0,13287.0
哈尔滨,9393.0,10051.0,10163.0,8947.0,9019.0,8966.0,10170.0,10233.0,10239.0,10108.0,9576.0,10516.0,10860.0,10308.0,10413.0,10436.0,9934.0,10090.0,9823.0,10590.0,9985.0,10130.0,9838.0,9668.0,10189.0,10345.0,10819.0,10931.0,10600.0,11773.0,11708.0,12466.0,12829.0,12416.0,13602.0,12242.0,12158.0,12952.0,12761.0,13543.0,13889.0,13480.0,13890.0,13068.0,13812.0,13348.0,10794.0,14595.0,13215.0,13396.0,13569.0,13963.0
嘉兴,,,6957.0,5824.0,9363.0,6731.0,8625.0,7425.0,6206.0,6415.0,6484.0,6334.0,6103.0,5900.0,6858.0,6802.0,7209.0,6644.0,6878.0,7013.0,7802.0,7740.0,7136.0,7451.0,7777.0,7478.0,7542.0,8144.0,8524.0,8997.0,9298.0,9634.0,8956.0,9180.0,9169.0,8836.0,9272.0,10079.0,9567.0,9540.0,9507.0,10412.0,11248.0,11184.0,10619.0,10606.0,12666.0,9683.0,7974.0,8970.0,9521.0,9011.0
大连,11817.0,12297.0,13350.0,13197.0,11897.0,12392.0,13072.0,13241.0,11204.0,12662.0,11836.0,12901.0,12082.0,12363.0,12176.0,12330.0,12178.0,12920.0,10830.0,12322.0,12470.0,12137.0,12324.0,12141.0,12189.0,12780.0,12371.0,12660.0,13352.0,13418.0,13225.0,13003.0,13791.0,13282.0,14019.0,14359.0,14541.0,14694.0,15115.0,15108.0,15330.0,15261.0,15282.0,15641.0,15437.0,15183.0,14790.0,14741.0,15243.0,14915.0,15923.0,15502.0
天津,17204.0,17323.0,16427.0,19940.0,17152.0,17392.0,16930.0,16179.0,16455.0,15603.0,16724.0,15453.0,16645.0,15482.0,17683.0,17542.0,17988.0,18309.0,18536.0,15564.0,17677.0,18163.0,18262.0,18323.0,18236.0,20353.0,17710.0,19412.0,17881.0,18429.0,18457.0,22741.0,26395.0,23289.0,24971.0,23009.0,26891.0,26122.0,25931.0,27791.0,26744.0,28869.0,25347.0,21514.0,28718.0,22067.0,25612.0,22465.0,22582.0,19358.0,19704.0,25115.0
太原,9296.0,9491.0,10244.0,10809.0,9441.0,9177.0,9624.0,11052.0,9127.0,9149.0,8732.0,9965.0,8633.0,8939.0,8989.0,9182.0,9479.0,8342.0,9026.0,9817.0,10244.0,10645.0,9284.0,9434.0,8808.0,9573.0,9682.0,9254.0,9516.0,9293.0,9838.0,10101.0,9680.0,9418.0,9642.0,9623.0,10051.0,11278.0,11156.0,10787.0,11548.0,11878.0,11790.0,12039.0,11442.0,11677.0,12172.0,11787.0,12248.0,11017.0,11958.0,12114.0
宁波,9946.0,11397.0,10329.0,10392.0,10683.0,10018.0,10219.0,10244.0,10334.0,10530.0,9886.0,10528.0,10672.0,9701.0,10828.0,10394.0,10477.0,10885.0,10650.0,10656.0,11205.0,11166.0,11052.0,10468.0,10560.0,10794.0,11861.0,10863.0,10885.0,11157.0,10898.0,11960.0,11882.0,12106.0,12853.0,12976.0,12850.0,13480.0,13128.0,12207.0,12229.0,14039.0,12505.0,13963.0,13397.0,14739.0,17537.0,11938.0,16522.0,16105.0,16606.0,18177.0
常州,7350.0,,7002.0,6663.0,7775.0,7502.0,6576.0,6953.0,6990.0,8356.0,7075.0,7388.0,7963.0,7499.0,7085.0,6569.0,7425.0,6768.0,7962.0,7362.0,7890.0,7595.0,7474.0,8074.0,9409.0,8485.0,8697.0,8231.0,9231.0,9166.0,9091.0,9393.0,9634.0,9496.0,10085.0,10360.0,10539.0,10125.0,10731.0,10827.0,11961.0,12129.0,11676.0,11561.0,13911.0,12663.0,14160.0,12288.0,12175.0,12727.0,12645.0,11316.0
广州,25029.0,26038.0,24962.0,23897.0,25076.0,24268.0,24971.0,25713.0,24382.0,24909.0,25223.0,24613.0,26023.0,25549.0,26950.0,25922.0,25559.0,26281.0,25755.0,25912.0,26306.0,27076.0,27109.0,26946.0,28184.0,27104.0,27262.0,26307.0,27317.0,28804.0,30363.0,30484.0,29932.0,31857.0,32655.0,30957.0,31172.0,31990.0,32560.0,31721.0,31695.0,31462.0,31959.0,29533.0,28355.0,28830.0,32852.0,28754.0,29173.0,27632.0,30245.0,29436.0
徐州,7961.0,6353.0,8196.0,8140.0,6813.0,6841.0,9739.0,8417.0,7984.0,6739.0,8093.0,8441.0,6979.0,7106.0,6697.0,6204.0,6638.0,6477.0,6856.0,6969.0,6949.0,7641.0,7162.0,7569.0,7774.0,7860.0,8360.0,8655.0,8966.0,10381.0,10340.0,10050.0,9944.0,9794.0,9051.0,11160.0,11475.0,10195.0,10332.0,11353.0,10862.0,10685.0,11497.0,11492.0,11423.0,11196.0,10062.0,11346.0,12328.0,12723.0,12420.0,12093.0
惠州,7134.0,,7029.0,7148.0,6756.0,7090.0,9031.0,8297.0,9866.0,9920.0,11419.0,10542.0,11074.0,10014.0,10988.0,10973.0,12399.0,11780.0,13315.0,11353.0,10828.0,11449.0,11530.0,12092.0,10674.0,11524.0,11467.0,11149.0,11581.0,12274.0,13019.0,12587.0,13173.0,12507.0,12181.0,14376.0,14737.0,15259.0,14609.0,13981.0,14493.0,14731.0,14190.0,14294.0,15006.0,15071.0,10351.0,13505.0,14287.0,13554.0,13648.0,14015.0
成都,10483.0,11028.0,10933.0,10625.0,10607.0,10432.0,10038.0,10159.0,10099.0,9711.0,10675.0,10026.0,10229.0,10227.0,9964.0,10204.0,10147.0,10256.0,11054.0,10475.0,10504.0,10633.0,10114.0,10790.0,11452.0,10822.0,11091.0,11324.0,11594.0,12404.0,11678.0,12800.0,12549.0,13332.0,13391.0,13876.0,14147.0,15895.0,15104.0,15880.0,16523.0,16519.0,16887.0,16198.0,15632.0,15320.0,15602.0,16724.0,15632.0,15523.0,15873.0,15981.0
扬州,,,7598.0,7782.0,8092.0,8649.0,7948.0,7044.0,7406.0,8040.0,7990.0,7380.0,8071.0,8041.0,7729.0,8853.0,7491.0,8542.0,8081.0,7751.0,8013.0,8239.0,8630.0,8021.0,8449.0,7876.0,8865.0,9025.0,8706.0,9088.0,9769.0,10006.0,10616.0,10118.0,10302.0,9324.0,9691.0,9255.0,10742.0,10564.0,10764.0,11098.0,9829.0,9384.0,11194.0,10589.0,13054.0,11931.0,11865.0,11441.0,11819.0,12138.0
无锡,8433.0,6846.0,8644.0,8767.0,9022.0,7884.0,8574.0,8441.0,7256.0,8615.0,6808.0,8371.0,7907.0,7239.0,7624.0,7029.0,8061.0,7892.0,8083.0,7932.0,8874.0,8894.0,8636.0,8342.0,8324.0,9334.0,9275.0,8944.0,10154.0,10809.0,10974.0,11205.0,10139.0,11570.0,11411.0,11474.0,11317.0,12978.0,14155.0,14412.0,14237.0,13166.0,13077.0,13203.0,13236.0,12551.0,13897.0,12940.0,13245.0,13201.0,13703.0,14057.0
日照,,,7672.0,8274.0,8235.0,5338.0,6742.0,9704.0,7702.0,6817.0,7292.0,7442.0,7464.0,7986.0,8313.0,7370.0,6924.0,7514.0,7340.0,7439.0,7615.0,6907.0,8064.0,7452.0,7870.0,7412.0,7499.0,7556.0,7805.0,7116.0,7580.0,7402.0,7323.0,7688.0,8273.0,8033.0,7797.0,8329.0,7991.0,9173.0,8973.0,9246.0,9412.0,9270.0,8737.0,9911.0,8755.0,9406.0,9619.0,9839.0,9604.0,10092.0
昆明,11003.0,10606.0,10844.0,10959.0,11771.0,10695.0,10870.0,10399.0,10111.0,9796.0,10577.0,9484.0,10021.0,9711.0,9623.0,9418.0,9845.0,10076.0,10758.0,9867.0,10265.0,10304.0,9861.0,9572.0,9897.0,10035.0,9878.0,9841.0,10272.0,10750.0,10130.0,10119.0,9659.0,9930.0,9767.0,12565.0,12389.0,10554.0,11720.0,11185.0,10627.0,11477.0,11327.0,12906.0,13119.0,12773.0,12764.0,12144.0,12597.0,11580.0,12619.0,12913.0
杭州,17639.0,18569.0,17518.0,19921.0,17788.0,18598.0,18868.0,18243.0,16531.0,17591.0,18298.0,15090.0,16912.0,16640.0,15477.0,15957.0,16364.0,17746.0,16915.0,16562.0,17650.0,17782.0,17454.0,17053.0,17565.0,17411.0,17791.0,18999.0,19289.0,20154.0,19138.0,18571.0,19155.0,19408.0,20024.0,20793.0,20388.0,22951.0,21805.0,21945.0,23321.0,24511.0,25818.0,25056.0,24203.0,24866.0,31924.0,24058.0,23853.0,23168.0,24914.0,24045.0
武汉,9941.0,10527.0,10871.0,11215.0,11542.0,10741.0,11189.0,12344.0,11248.0,11401.0,11394.0,11805.0,12177.0,11858.0,12317.0,12749.0,12916.0,13464.0,14134.0,13691.0,14927.0,15376.0,16518.0,16577.0,19090.0,18034.0,17776.0,19171.0,18667.0,18972.0,19488.0,18958.0,20237.0,20456.0,19894.0,18800.0,20028.0,20710.0,21296.0,21719.0,21077.0,20578.0,20493.0,20183.0,19807.0,19483.0,18203.0,19741.0,20008.0,18920.0,17927.0,16321.0
汕头,12902.0,7727.0,8962.0,9585.0,8906.0,7356.0,7482.0,6566.0,7068.0,7380.0,7083.0,7547.0,6653.0,8041.0,7023.0,7781.0,7161.0,7843.0,7567.0,8014.0,7687.0,8089.0,7621.0,7750.0,7014.0,7159.0,7505.0,8442.0,7758.0,8680.0,8275.0,8230.0,8347.0,8108.0,7524.0,8026.0,8037.0,8006.0,7614.0,10209.0,11774.0,10268.0,9377.0,9720.0,9557.0,9993.0,9767.0,11539.0,10975.0,10843.0,12163.0,12206.0
沈阳,7919.0,7870.0,8640.0,8598.0,7769.0,8326.0,8238.0,8314.0,7730.0,7917.0,8279.0,8521.0,8639.0,8166.0,8649.0,8225.0,8616.0,8171.0,8424.0,8727.0,8080.0,8010.0,8210.0,8556.0,9037.0,8775.0,8414.0,8242.0,8321.0,8772.0,,8573.0,8793.0,8696.0,9109.0,8921.0,8898.0,8922.0,9428.0,9492.0,10382.0,10257.0,10024.0,10366.0,10368.0,9959.0,10218.0,11344.0,10974.0,10873.0,10657.0,10262.0
泉州,8941.0,9135.0,9488.0,9245.0,8145.0,9229.0,9380.0,9150.0,8832.0,8480.0,8807.0,9394.0,8703.0,7753.0,10091.0,8895.0,8198.0,9629.0,8544.0,9194.0,9124.0,8978.0,9231.0,9079.0,9441.0,10220.0,9522.0,9863.0,10372.0,11577.0,10938.0,11625.0,12399.0,12543.0,11095.0,10939.0,10821.0,13093.0,12624.0,12445.0,12216.0,12692.0,13189.0,13105.0,14288.0,13556.0,12260.0,12252.0,13769.0,13351.0,14959.0,12758.0
洛阳,,,6604.0,6040.0,6030.0,6099.0,6010.0,6219.0,5650.0,6114.0,6079.0,6216.0,5828.0,6173.0,5775.0,5511.0,6019.0,5642.0,5617.0,5881.0,5489.0,5899.0,5569.0,6104.0,5593.0,5607.0,5781.0,6537.0,6427.0,7231.0,7609.0,7723.0,7153.0,7627.0,7623.0,7015.0,7115.0,7101.0,7852.0,7715.0,8232.0,8693.0,8296.0,9072.0,8849.0,8472.0,8993.0,9737.0,8706.0,9264.0,9579.0,9225.0
济南,11772.0,11122.0,11094.0,10789.0,10765.0,10319.0,11097.0,10500.0,10484.0,10397.0,10447.0,10971.0,11226.0,11424.0,11142.0,11448.0,11983.0,12160.0,11356.0,12198.0,12853.0,12613.0,11933.0,11905.0,14223.0,13298.0,13132.0,14093.0,13762.0,14421.0,13737.0,13901.0,14861.0,15721.0,14393.0,14022.0,16031.0,14046.0,14582.0,16019.0,15871.0,16061.0,17105.0,16881.0,15229.0,14839.0,18901.0,14988.0,15897.0,14190.0,15360.0,15358.0
海口,7878.0,11992.0,9406.0,7880.0,8806.0,11445.0,9738.0,8785.0,8147.0,8622.0,9346.0,10699.0,10206.0,9600.0,10114.0,9834.0,9229.0,9169.0,8959.0,9170.0,9054.0,8405.0,8760.0,8601.0,9076.0,8963.0,9602.0,11373.0,9743.0,11951.0,12622.0,10715.0,10995.0,11884.0,11967.0,11943.0,13749.0,12453.0,13440.0,17469.0,16714.0,16438.0,17926.0,16082.0,15765.0,17491.0,15901.0,19663.0,19126.0,22067.0,19075.0,19332.0
淄博,6336.0,5985.0,6035.0,6331.0,6150.0,5709.0,6147.0,5702.0,5884.0,5356.0,5667.0,6247.0,5854.0,6257.0,6240.0,6114.0,6021.0,5662.0,5903.0,5911.0,6251.0,6419.0,6103.0,5999.0,5830.0,5850.0,5988.0,5974.0,6073.0,5841.0,6163.0,6585.0,6250.0,6760.0,6697.0,6696.0,7124.0,7233.0,7467.0,7378.0,7816.0,8219.0,8379.0,8099.0,8384.0,8547.0,9423.0,8377.0,8848.0,7872.0,7980.0,7649.0
深圳,32125.0,37100.0,36087.0,36846.0,35597.0,37199.0,38071.0,40537.0,37478.0,37276.0,38409.0,40070.0,40132.0,42600.0,42543.0,39883.0,44660.0,43906.0,43049.0,42364.0,41843.0,41254.0,40418.0,45441.0,41529.0,43443.0,46126.0,45854.0,45753.0,48556.0,46294.0,49048.0,48964.0,47907.0,46701.0,50303.0,49251.0,48617.0,49121.0,50330.0,49110.0,51174.0,53198.0,53767.0,53488.0,53824.0,57664.0,50880.0,51571.0,53728.0,50180.0,51532.0
温州,,19169.0,15854.0,21055.0,17310.0,17266.0,15204.0,16253.0,13875.0,16047.0,14785.0,15902.0,14769.0,15554.0,15891.0,15963.0,18002.0,15759.0,16194.0,15651.0,15629.0,15858.0,14190.0,15929.0,14442.0,15333.0,15522.0,14494.0,14130.0,15015.0,15630.0,15731.0,16717.0,15233.0,15675.0,15272.0,15203.0,17822.0,18924.0,18890.0,15822.0,17175.0,15908.0,18802.0,17839.0,16579.0,20589.0,17323.0,17923.0,16465.0,18791.0,16190.0
湛江,6638.0,,6454.0,5940.0,5838.0,6309.0,5534.0,6648.0,5914.0,6176.0,6790.0,6399.0,7073.0,5850.0,6650.0,7814.0,7759.0,7365.0,6424.0,6428.0,6902.0,7597.0,6326.0,6248.0,7653.0,7203.0,7082.0,6438.0,7515.0,8167.0,7831.0,6722.0,7199.0,7363.0,7435.0,7898.0,8576.0,8863.0,8746.0,8714.0,8430.0,9215.0,9571.0,9319.0,9264.0,9293.0,9023.0,8972.0,8974.0,9215.0,9966.0,9015.0
潍坊,5202.0,4925.0,5439.0,4643.0,4859.0,4972.0,5449.0,5388.0,5017.0,4611.0,5070.0,5155.0,4828.0,4744.0,5005.0,4961.0,4837.0,4815.0,4815.0,4581.0,5043.0,4901.0,5623.0,5556.0,5182.0,5263.0,5057.0,5181.0,5538.0,5192.0,5491.0,5301.0,5806.0,5464.0,5864.0,5826.0,5605.0,6350.0,5733.0,6190.0,6397.0,6650.0,6861.0,7436.0,6776.0,7455.0,7341.0,6937.0,8477.0,7619.0,7422.0,7838.0
烟台,8686.0,8866.0,8070.0,8345.0,8962.0,9271.0,9195.0,8269.0,8803.0,8869.0,7995.0,8932.0,8075.0,8796.0,8483.0,8161.0,8179.0,8085.0,8303.0,9064.0,8180.0,7653.0,8038.0,8405.0,8211.0,8571.0,8986.0,8701.0,8701.0,9291.0,9285.0,9092.0,9740.0,8995.0,8890.0,8779.0,8832.0,8876.0,9175.0,9689.0,9792.0,10173.0,10085.0,10014.0,10839.0,11692.0,9846.0,11492.0,11604.0,11579.0,10947.0,10054.0
珠海,18070.0,,24053.0,18774.0,18878.0,19116.0,20507.0,21895.0,26595.0,20187.0,26811.0,23673.0,23214.0,21834.0,23581.0,27286.0,25217.0,25785.0,22315.0,22864.0,25612.0,25308.0,27578.0,25691.0,31779.0,27128.0,31649.0,32447.0,30815.0,29329.0,28802.0,27227.0,28929.0,31704.0,30376.0,29954.0,30071.0,30630.0,30484.0,33507.0,32464.0,28666.0,31663.0,29568.0,30035.0,28584.0,22883.0,28709.0,31888.0,31923.0,31303.0,30105.0
石家庄,10261.0,10656.0,9513.0,10450.0,10108.0,9206.0,9449.0,9597.0,10591.0,10219.0,9402.0,9348.0,9275.0,9353.0,9804.0,9814.0,9475.0,10160.0,10255.0,10606.0,11359.0,10773.0,11646.0,11023.0,11214.0,11371.0,10956.0,11654.0,13486.0,13521.0,13851.0,15436.0,15014.0,13881.0,14228.0,15016.0,15532.0,14258.0,15040.0,15946.0,15133.0,14754.0,14259.0,14119.0,15278.0,15243.0,15294.0,13461.0,14561.0,15977.0,14544.0,14456.0
福州,16709.0,15697.0,16647.0,16823.0,17149.0,16513.0,17081.0,15990.0,16924.0,16769.0,16410.0,18082.0,17682.0,17027.0,17557.0,17048.0,17384.0,18229.0,17287.0,17983.0,18514.0,18941.0,20074.0,19646.0,19984.0,21062.0,21715.0,21736.0,22225.0,23737.0,22649.0,22635.0,23066.0,23618.0,24373.0,23131.0,23521.0,23281.0,25303.0,27710.0,24854.0,24695.0,25231.0,25189.0,24027.0,26782.0,27623.0,24025.0,26466.0,23740.0,25082.0,26290.0
绍兴,8939.0,9089.0,8294.0,8639.0,8856.0,8312.0,8762.0,8927.0,8539.0,8763.0,7698.0,8133.0,8611.0,8610.0,8989.0,8723.0,8388.0,8975.0,8089.0,8649.0,8298.0,8665.0,8434.0,7988.0,8523.0,8333.0,9066.0,8610.0,9141.0,9224.0,8668.0,9101.0,9697.0,9680.0,8975.0,9546.0,9116.0,9452.0,9823.0,9905.0,10505.0,10255.0,8810.0,10212.0,10087.0,9249.0,13142.0,9504.0,9404.0,9223.0,9287.0,10027.0
苏州,10772.0,9367.0,10455.0,10179.0,9080.0,10567.0,10914.0,9943.0,10116.0,10543.0,10689.0,11176.0,12384.0,10797.0,11591.0,11687.0,11939.0,12748.0,12758.0,12937.0,12668.0,11597.0,12731.0,12989.0,12944.0,13619.0,12989.0,13711.0,13210.0,13618.0,13188.0,13654.0,13106.0,13550.0,12605.0,12583.0,13092.0,13708.0,14113.0,13708.0,13556.0,14418.0,15752.0,14306.0,14657.0,14814.0,20473.0,16237.0,22918.0,19606.0,23611.0,24104.0
西安,9497.0,9151.0,9238.0,9795.0,9653.0,8684.0,9782.0,8672.0,8528.0,8611.0,9546.0,9666.0,9450.0,9193.0,8930.0,9335.0,10004.0,9806.0,8869.0,9520.0,10427.0,9510.0,9283.0,8893.0,9129.0,9460.0,9477.0,9786.0,9863.0,10182.0,10277.0,11057.0,11206.0,10896.0,11593.0,11134.0,12164.0,11477.0,11908.0,12644.0,13052.0,13338.0,13900.0,14105.0,14839.0,14694.0,14000.0,14415.0,14210.0,14556.0,15430.0,15562.0
贵阳,8683.0,7741.0,8711.0,8224.0,8145.0,8938.0,9135.0,10593.0,9099.0,8023.0,10583.0,8796.0,10181.0,8247.0,8259.0,8689.0,9036.0,9932.0,8462.0,8249.0,8645.0,8236.0,9082.0,8961.0,8521.0,8795.0,9405.0,8397.0,8588.0,8913.0,8888.0,8146.0,7799.0,8301.0,8050.0,8445.0,8985.0,7923.0,9180.0,9108.0,10793.0,10594.0,10819.0,10875.0,11266.0,11126.0,10175.0,10069.0,11407.0,10957.0,11089.0,11078.0
赣州,6406.0,,8354.0,7540.0,8792.0,8020.0,7639.0,8249.0,6138.0,7305.0,7660.0,8069.0,7367.0,8104.0,6784.0,7247.0,7336.0,7312.0,6503.0,7264.0,7081.0,7880.0,7326.0,7548.0,6822.0,7213.0,7189.0,8191.0,7775.0,7993.0,8442.0,8145.0,8980.0,7909.0,8080.0,7967.0,9562.0,8699.0,9280.0,9254.0,10002.0,10350.0,10269.0,9676.0,9857.0,9256.0,8154.0,10859.0,11793.0,10648.0,10376.0,10066.0
郑州,9751.0,9998.0,10554.0,11224.0,10380.0,10452.0,10141.0,10318.0,10227.0,10427.0,10209.0,10620.0,10011.0,10061.0,10621.0,10625.0,10531.0,10929.0,10927.0,11113.0,11985.0,12069.0,11605.0,11181.0,11591.0,11931.0,12326.0,12057.0,12654.0,13349.0,13405.0,13087.0,13693.0,13315.0,12614.0,12937.0,13012.0,13233.0,12924.0,13206.0,13150.0,13567.0,13293.0,13229.0,12843.0,12141.0,14330.0,12318.0,13314.0,13756.0,13051.0,12907.0
重庆,12538.0,13370.0,11845.0,11233.0,12045.0,10757.0,10823.0,11287.0,10314.0,9753.0,10253.0,11218.0,10751.0,9989.0,10513.0,10380.0,10372.0,10465.0,11504.0,11625.0,11218.0,11403.0,11114.0,11529.0,11036.0,11841.0,11568.0,13009.0,12706.0,13538.0,13806.0,13396.0,13637.0,14042.0,13361.0,13494.0,13656.0,13649.0,13747.0,14087.0,14742.0,15294.0,15992.0,15714.0,15378.0,14557.0,12889.0,14906.0,14811.0,14277.0,14678.0,14763.0
金华,13324.0,,13214.0,13633.0,13679.0,12728.0,14127.0,13125.0,12545.0,12417.0,12229.0,13404.0,14439.0,12279.0,11933.0,12172.0,11871.0,12555.0,11775.0,11505.0,10663.0,11278.0,11893.0,12932.0,11178.0,11822.0,12376.0,12745.0,12378.0,12087.0,13917.0,12415.0,12824.0,12984.0,12741.0,13845.0,13677.0,12769.0,14328.0,14967.0,14556.0,16970.0,17101.0,16169.0,14609.0,16171.0,16611.0,15944.0,14623.0,15595.0,15153.0,15978.0
长春,7757.0,7514.0,8479.0,7962.0,8039.0,8143.0,9388.0,7961.0,8067.0,7564.0,8589.0,8322.0,7502.0,9049.0,8610.0,8195.0,7303.0,7760.0,7817.0,9268.0,8054.0,8073.0,7805.0,7882.0,7737.0,7606.0,7929.0,8201.0,7880.0,7979.0,8476.0,8642.0,8193.0,8512.0,8957.0,8970.0,9268.0,8925.0,9163.0,9402.0,8761.0,9069.0,9302.0,9347.0,9790.0,9741.0,9676.0,9643.0,9961.0,10114.0,9783.0,9761.0
长沙,8737.0,10417.0,8410.0,9317.0,10162.0,9202.0,9564.0,8907.0,8886.0,9048.0,8571.0,8984.0,8587.0,9805.0,9097.0,9850.0,8848.0,8647.0,8437.0,9078.0,8952.0,9396.0,9868.0,10165.0,9608.0,10459.0,10079.0,10922.0,11203.0,11265.0,11560.0,12051.0,12178.0,12078.0,12191.0,12069.0,11248.0,11595.0,12398.0,13323.0,13321.0,12785.0,13340.0,13851.0,14041.0,13683.0,10935.0,13226.0,14885.0,13258.0,13813.0,13797.0
青岛,13634.0,13753.0,12640.0,14243.0,13886.0,14539.0,13898.0,15890.0,14528.0,13942.0,14694.0,13174.0,14598.0,13413.0,13234.0,15018.0,13704.0,14641.0,14281.0,15864.0,14523.0,14058.0,12954.0,14905.0,15435.0,15904.0,14979.0,15662.0,15925.0,17020.0,17102.0,17249.0,17698.0,16292.0,17305.0,17618.0,18538.0,19043.0,17917.0,20781.0,20705.0,20396.0,,22686.0,19275.0,21883.0,22478.0,20251.0,23226.0,23341.0,21594.0,21049.0
