city,2015-01,2015-02,2015-03,2015-04,2015-05,2015-06,2015-07,2015-08,2015-09,2015-10,2015-11,2015-12,2016-01,2016-02,2016-03,2016-04,2016-05,2016-06,2016-07,2016-08,2016-09,2016-10,2016-11,2016-12,2017-01,2017-02,2017-03,2017-04,2017-05,2017-06,2017-07,2017-08,2017-09,2017-10,2017-11,2017-12,2018-01,2018-02,2018-03,2018-04,2018-05,2018-06,2018-07,2018-08,2018-09,2018-10,2018-11,2018-12,2019-01,2019-02,2019-03
上海市,35517.0,36248.0,32411.0,32964.0,33562.0,37104.0,35073.0,39861.0,38784.0,39369.0,36347.0,37456.0,41285.0,43779.0,40332.0,40748.0,43247.0,45261.0,43574.0,42792.0,46525.0,43799.0,45450.0,46181.0,48105.0,45440.0,43784.0,41348.0,42963.0,45061.0,48775.0,50388.0,50273.0,50481.0,49991.0,50815.0,51861.0,52019.0,49795.0,51509.0,51596.0,51271.0,53025.0,52842.0,52361.0,51285.0,53607.0,53073.0,51540.0,52035.0,51188.0
东莞市,25699.0,27919.0,21004.0,21782.0,23904.0,23749.0,21327.0,16380.0,19205.0,14164.0,23751.0,24396.0,19835.0,15558.0,20963.0,19002.0,16673.0,16419.0,15187.0,14916.0,14951.0,17486.0,19798.0,19099.0,16987.0,16980.0,15629.0,17668.0,16527.0,18675.0,19726.0,22005.0,19274.0,19866.0,22010.0,21575.0,20344.0,23488.0,23237.0,23802.0,23492.0,23485.0,23916.0,23996.0,25028.0,23547.0,23856.0,23790.0,29512.0,26243.0,25492.0
东营市,7175.0,,6297.0,8145.0,5587.0,,6293.0,7491.0,7124.0,7375.0,6892.0,6773.0,6694.0,7366.0,6836.0,6367.0,6175.0,6039.0,6515.0,6356.0,6037.0,7140.0,7654.0,6449.0,6981.0,6687.0,6287.0,7343.0,6650.0,7315.0,7532.0,,7517.0,7726.0,7927.0,8463.0,8423.0,8234.0,8299.0,9083.0,8990.0,9362.0,9373.0,9651.0,9537.0,9807.0,9676.0,9573.0,9774.0,9950.0,9815.0
中山市,18773.0,18563.0,16834.0,14125.0,17377.0,13376.0,16118.0,13734.0,12637.0,15127.0,18000.0,17662.0,18722.0,14866.0,14890.0,16969.0,17650.0,16287.0,16717.0,16351.0,15188.0,15724.0,14720.0,15131.0,13286.0,13571.0,14830.0,17131.0,15312.0,16727.0,16267.0,,16722.0,16361.0,17313.0,17336.0,17318.0,17147.0,17620.0,18334.0,18247.0,18251.0,18477.0,19106.0,19065.0,17845.0,18907.0,17430.0,19257.0,20123.0,19488.0
临沂市,6662.0,6331.0,8729.0,8217.0,7680.0,9014.0,8588.0,8907.0,8352.0,6947.0,10418.0,9824.0,9831.0,7617.0,7964.0,8849.0,7862.0,8285.0,7508.0,7673.0,8116.0,7973.0,8664.0,9245.0,7857.0,7070.0,7985.0,8592.0,9211.0,8441.0,8167.0,8196.0,8267.0,9383.0,10451.0,9435.0,10515.0,9039.0,10381.0,11001.0,11164.0,12893.0,11391.0,11727.0,12201.0,12490.0,11601.0,12252.0,14161.0,13153.0,14040.0
乌鲁木齐市,13692.0,10539.0,13503.0,12347.0,11414.0,10062.0,12844.0,10066.0,15771.0,11581.0,12895.0,12659.0,10065.0,13767.0,10578.0,10704.0,10568.0,10896.0,13229.0,14831.0,13037.0,13830.0,15804.0,13232.0,12547.0,12079.0,12409.0,11751.0,12585.0,11741.0,12175.0,12039.0,11130.0,12066.0,12195.0,13454.0,13464.0,12864.0,13039.0,13871.0,14714.0,13352.0,12510.0,12752.0,13489.0,13575.0,13612.0,13746.0,12621.0,12391.0,13224.0
九江市,11660.0,11121.0,9867.0,9395.0,11277.0,6853.0,10693.0,7236.0,15132.0,5681.0,13091.0,12757.0,9668.0,11171.0,12094.0,11921.0,11362.0,9988.0,11878.0,11174.0,9691.0,9410.0,9750.0,10954.0,12173.0,9906.0,11122.0,11508.0,11207.0,11252.0,10401.0,,12223.0,11184.0,10674.0,10270.0,9489.0,9770.0,11793.0,12336.0,12120.0,12480.0,12963.0,12302.0,12633.0,12488.0,13192.0,13682.0,13602.0,13270.0,13051.0
佛山市,17194.0,20295.0,21367.0,17867.0,16858.0,18735.0,16194.0,15565.0,14395.0,15421.0,15411.0,18654.0,15493.0,15066.0,14374.0,15912.0,16197.0,14914.0,13196.0,14010.0,13696.0,13465.0,12799.0,14516.0,13342.0,14032.0,16196.0,18990.0,17398.0,19367.0,20117.0,19767.0,19984.0,19017.0,19486.0,18287.0,18362.0,19391.0,18234.0,19651.0,19804.0,19441.0,18273.0,19115.0,19343.0,17945.0,17520.0,17022.0,17806.0,16925.0,16688.0
保定市,11222.0,12930.0,9565.0,11989.0,11936.0,11015.0,12922.0,11820.0,12210.0,11913.0,13164.0,12670.0,12605.0,12036.0,13592.0,14070.0,15255.0,13039.0,13724.0,13166.0,13208.0,13284.0,13670.0,13979.0,13972.0,14842.0,14821.0,16209.0,16122.0,16706.0,16663.0,,16039.0,16959.0,16723.0,17345.0,16774.0,16032.0,16144.0,15831.0,16299.0,15544.0,16034.0,15226.0,15417.0,14563.0,16112.0,15031.0,17593.0,16509.0,17668.0
兰州市,12540.0,11257.0,9097.0,8327.0,9509.0,14636.0,12991.0,11355.0,10076.0,9731.0,21341.0,22640.0,17447.0,15706.0,18578.0,20415.0,20131.0,16226.0,15112.0,16298.0,15060.0,14972.0,22402.0,25162.0,22116.0,19460.0,21286.0,23780.0,22433.0,21274.0,17653.0,17620.0,17799.0,18547.0,20130.0,19031.0,18325.0,17710.0,19170.0,19313.0,15840.0,20179.0,19101.0,21167.0,18964.0,18973.0,20619.0,22981.0,22245.0,23430.0,22469.0
包头市,8965.0,7172.0,12033.0,9105.0,6960.0,8572.0,6882.0,7432.0,8502.0,6427.0,7179.0,10960.0,7603.0,7461.0,7115.0,7647.0,7252.0,7429.0,6986.0,9639.0,9528.0,9702.0,10033.0,8534.0,8891.0,9749.0,8912.0,9562.0,9529.0,10045.0,11004.0,,11500.0,10600.0,11056.0,9975.0,10425.0,9434.0,10659.0,11996.0,12467.0,12479.0,11807.0,11723.0,11493.0,11264.0,11670.0,11900.0,11847.0,11959.0,13021.0
北京市,46182.0,47939.0,42513.0,39655.0,39633.0,42113.0,40984.0,41092.0,39623.0,42075.0,41100.0,41227.0,39934.0,40887.0,45209.0,44874.0,44697.0,42431.0,43842.0,46363.0,49009.0,47247.0,47368.0,51765.0,49730.0,49469.0,53435.0,46959.0,44762.0,47929.0,52095.0,51494.0,58789.0,56695.0,55543.0,53383.0,53048.0,53646.0,51975.0,53037.0,54200.0,49736.0,50267.0,50699.0,48351.0,49789.0,47834.0,45031.0,44535.0,42998.0,43827.0
南京市,23891.0,20601.0,20080.0,19357.0,19668.0,22144.0,20922.0,20788.0,20862.0,20540.0,20438.0,19832.0,20885.0,21567.0,20510.0,22107.0,22579.0,21832.0,22711.0,22561.0,24411.0,24481.0,25015.0,26190.0,30086.0,25992.0,28235.0,26570.0,26601.0,29363.0,29597.0,32438.0,31187.0,29923.0,30937.0,31861.0,33169.0,32750.0,32149.0,32258.0,33994.0,33464.0,33392.0,34513.0,32790.0,33208.0,32972.0,31584.0,32046.0,33046.0,33980.0
南充市,18952.0,17456.0,15676.0,16073.0,11624.0,14743.0,15235.0,11654.0,10706.0,6554.0,17647.0,17678.0,15844.0,19385.0,17265.0,16161.0,15295.0,10786.0,12785.0,16844.0,14395.0,16063.0,14478.0,14301.0,14658.0,12313.0,14423.0,15204.0,13870.0,14429.0,13980.0,,13654.0,15983.0,15683.0,13116.0,11479.0,11827.0,12724.0,13651.0,15308.0,15318.0,15771.0,15245.0,15087.0,14870.0,14635.0,15849.0,14842.0,15087.0,14401.0
南宁市,17654.0,19911.0,22768.0,19488.0,20444.0,15416.0,22114.0,21745.0,15970.0,18107.0,16333.0,19538.0,17434.0,16190.0,16322.0,16257.0,17459.0,15826.0,17458.0,14799.0,15356.0,14882.0,15767.0,15672.0,14752.0,15337.0,16517.0,18305.0,17584.0,17667.0,16412.0,16277.0,15400.0,16319.0,16742.0,16829.0,16792.0,15855.0,16972.0,17464.0,18196.0,17876.0,17328.0,19067.0,18588.0,18500.0,18135.0,18641.0,19476.0,19497.0,20601.0
南昌市,18987.0,19888.0,18384.0,18598.0,19233.0,17905.0,17254.0,16060.0,15651.0,16486.0,16511.0,18081.0,20896.0,16456.0,17980.0,20085.0,18725.0,17224.0,17147.0,19257.0,16693.0,19189.0,20150.0,24482.0,19593.0,17694.0,19884.0,19037.0,17935.0,16262.0,17302.0,17711.0,17458.0,18999.0,19000.0,17508.0,17574.0,17643.0,16183.0,16272.0,16013.0,16496.0,16665.0,17311.0,18041.0,17574.0,17002.0,16456.0,17465.0,18235.0,19449.0
南通市,14997.0,15521.0,14493.0,13000.0,16575.0,16313.0,14628.0,18738.0,14197.0,13262.0,15796.0,15963.0,15182.0,13551.0,15202.0,14079.0,12274.0,13443.0,12982.0,18115.0,13916.0,15778.0,14188.0,15944.0,14623.0,16154.0,16131.0,18313.0,15854.0,18147.0,19901.0,17537.0,17878.0,16290.0,16031.0,15893.0,15852.0,15984.0,16336.0,18185.0,17260.0,17081.0,17535.0,16718.0,16505.0,19177.0,19221.0,18989.0,20047.0,19226.0,19195.0
厦门市,36529.0,36382.0,41531.0,36260.0,34438.0,37442.0,36961.0,34427.0,31010.0,29828.0,35172.0,37201.0,31640.0,32793.0,31279.0,34274.0,33666.0,33895.0,35394.0,36536.0,36967.0,37985.0,34687.0,37483.0,39770.0,38771.0,41592.0,42642.0,42356.0,45543.0,49036.0,45927.0,50375.0,52465.0,52181.0,52266.0,52687.0,49689.0,51186.0,50096.0,49997.0,50837.0,51655.0,54503.0,51122.0,51078.0,53429.0,53186.0,53699.0,53887.0,53368.0
台州市,12702.0,13756.0,12272.0,14757.0,17644.0,16238.0,15474.0,13631.0,17278.0,13855.0,17929.0,14565.0,15927.0,15002.0,13606.0,13888.0,13530.0,15027.0,14667.0,13971.0,15615.0,14262.0,13060.0,13824.0,15337.0,14709.0,15924.0,15577.0,14515.0,15099.0,15219.0,,15347.0,15610.0,17037.0,14976.0,15603.0,15765.0,15112.0,16953.0,16655.0,17290.0,16843.0,17047.0,17115.0,16104.0,15629.0,16186.0,15853.0,18988.0,17931.0
合肥市,19458.0,16408.0,15136.0,13942.0,14389.0,16071.0,15972.0,13721.0,16020.0,13840.0,17577.0,17366.0,14758.0,14486.0,18268.0,17821.0,16978.0,16849.0,16957.0,16836.0,18920.0,19871.0,18570.0,18096.0,16855.0,16706.0,18722.0,17288.0,16383.0,17339.0,18011.0,18642.0,18716.0,18211.0,18507.0,18425.0,18248.0,18156.0,18363.0,18867.0,19034.0,19606.0,19488.0,19194.0,19565.0,19676.0,19936.0,19261.0,21007.0,22586.0,22757.0
吉林市,8184.0,6253.0,9926.0,11026.0,9679.0,7240.0,9994.0,7045.0,5956.0,7491.0,7085.0,9576.0,10640.0,9121.0,7911.0,8678.0,9070.0,8454.0,10105.0,9101.0,8943.0,10058.0,10536.0,10682.0,8508.0,8008.0,9467.0,9555.0,9176.0,9735.0,9771.0,,9304.0,9673.0,9737.0,9373.0,9243.0,8931.0,9508.0,10919.0,11251.0,10949.0,10644.0,10779.0,10916.0,11440.0,11486.0,11460.0,11830.0,12846.0,12201.0
呼和浩特市,14798.0,10808.0,11910.0,12111.0,10711.0,10294.0,9078.0,7123.0,12145.0,8404.0,12183.0,14113.0,10246.0,10296.0,11051.0,7931.0,8964.0,7670.0,11247.0,11554.0,9352.0,9733.0,12306.0,11864.0,11146.0,10098.0,11544.0,12763.0,12357.0,12028.0,13169.0,,14284.0,13936.0,13582.0,13535.0,14741.0,12534.0,13663.0,15274.0,16839.0,14253.0,15525.0,14975.0,17563.0,16267.0,16432.0,16783.0,18582.0,18399.0,17191.0
哈尔滨市,12079.0,11397.0,10923.0,12087.0,11017.0,11054.0,10503.0,10375.0,9937.0,10195.0,11105.0,12346.0,11465.0,9869.0,10957.0,10934.0,10464.0,9928.0,9293.0,9361.0,9841.0,9441.0,10344.0,9669.0,10481.0,9665.0,10006.0,10080.0,10644.0,10919.0,12231.0,12169.0,11589.0,11863.0,11837.0,12231.0,12472.0,12202.0,11890.0,13298.0,13653.0,13730.0,13775.0,13634.0,14158.0,15114.0,13877.0,14089.0,14395.0,13939.0,13282.0
唐山市,11539.0,13027.0,11955.0,12547.0,8945.0,8473.0,8509.0,8518.0,6588.0,8168.0,9121.0,9990.0,7503.0,9015.0,10771.0,7696.0,8853.0,10011.0,8530.0,8530.0,9475.0,9844.0,11278.0,9350.0,7340.0,9822.0,9871.0,10427.0,10305.0,10579.0,11111.0,,11312.0,11391.0,11977.0,13047.0,11957.0,11121.0,11321.0,12978.0,12172.0,11878.0,11955.0,11906.0,13230.0,12728.0,12109.0,14516.0,13266.0,13210.0,13906.0
嘉兴市,13815.0,15049.0,12986.0,13912.0,13299.0,13048.0,14493.0,15463.0,14504.0,13556.0,13671.0,12313.0,12612.0,12462.0,11939.0,11730.0,13223.0,13634.0,12334.0,12886.0,11835.0,12487.0,13089.0,12782.0,12327.0,12645.0,13088.0,14324.0,15200.0,15927.0,16452.0,17124.0,15858.0,16360.0,16342.0,16817.0,15773.0,16156.0,15721.0,16014.0,17497.0,17817.0,17992.0,17399.0,17354.0,16439.0,16517.0,17008.0,17739.0,17370.0,17627.0
大连市,12811.0,14043.0,13022.0,14026.0,13870.0,11890.0,13023.0,14786.0,14284.0,13364.0,14364.0,15882.0,13731.0,14476.0,14125.0,13562.0,13459.0,11965.0,15353.0,15114.0,14296.0,14316.0,12961.0,15187.0,13801.0,13453.0,13459.0,15421.0,14305.0,15424.0,16702.0,16381.0,15907.0,15502.0,15950.0,16018.0,15916.0,16522.0,17165.0,17769.0,17256.0,17880.0,17711.0,18717.0,18353.0,18662.0,19838.0,19126.0,18590.0,18072.0,18496.0
天津市,31067.0,33328.0,28905.0,29309.0,24624.0,24604.0,23641.0,22423.0,21495.0,24447.0,25553.0,23967.0,25029.0,24094.0,24990.0,25850.0,26245.0,28548.0,27213.0,28046.0,29606.0,29849.0,32148.0,28273.0,29017.0,30853.0,29454.0,28061.0,29478.0,31293.0,33619.0,33379.0,32733.0,30843.0,29840.0,30769.0,31934.0,34418.0,31993.0,33430.0,32848.0,34035.0,34431.0,35703.0,32940.0,35354.0,33330.0,33722.0,34964.0,32794.0,33289.0
太原市,9882.0,13789.0,13419.0,18006.0,10136.0,11508.0,10102.0,12988.0,11001.0,11586.0,10985.0,13244.0,10182.0,14757.0,10097.0,12050.0,12291.0,11958.0,10389.0,14288.0,11105.0,12416.0,11462.0,12211.0,11077.0,10578.0,10985.0,11141.0,10233.0,11756.0,14118.0,13687.0,14847.0,14217.0,15300.0,15168.0,13677.0,14120.0,14811.0,15660.0,15323.0,14077.0,16754.0,17238.0,17529.0,18462.0,19447.0,19607.0,19447.0,21243.0,20401.0
宁波市,21271.0,24236.0,23179.0,21690.0,21667.0,21391.0,21146.0,20358.0,20242.0,22410.0,20052.0,21292.0,18572.0,18763.0,19402.0,20315.0,19365.0,18895.0,19087.0,18949.0,19337.0,18662.0,17854.0,18910.0,18236.0,18152.0,18339.0,19253.0,19775.0,18984.0,20028.0,20712.0,20795.0,20834.0,20254.0,20606.0,20425.0,20746.0,21073.0,22777.0,22420.0,23321.0,23515.0,24147.0,22791.0,23329.0,22071.0,23210.0,25645.0,25970.0,24858.0
安庆市,15528.0,13286.0,12806.0,13593.0,11628.0,15835.0,12839.0,12337.0,11654.0,12356.0,12548.0,13822.0,12823.0,12319.0,13932.0,15014.0,13214.0,12758.0,12415.0,11071.0,11846.0,12103.0,11230.0,11067.0,11416.0,11515.0,11967.0,11517.0,11977.0,11408.0,11673.0,,11736.0,10237.0,10393.0,10257.0,10424.0,10190.0,9944.0,10892.0,10630.0,9801.0,10325.0,10637.0,11676.0,11999.0,12650.0,15298.0,14175.0,13573.0,14235.0
常州市,14121.0,11093.0,13420.0,14267.0,13628.0,15603.0,14131.0,11302.0,12733.0,12211.0,12305.0,13187.0,12086.0,12440.0,12850.0,13394.0,11622.0,12351.0,12636.0,13335.0,12852.0,13478.0,13828.0,13559.0,14283.0,12650.0,13805.0,14319.0,13676.0,14637.0,14421.0,14860.0,15562.0,15536.0,14098.0,15688.0,16130.0,16065.0,16184.0,17372.0,16515.0,16980.0,17009.0,16932.0,17677.0,17779.0,18299.0,17413.0,16467.0,17708.0,17399.0
平顶山市,,,6983.0,8858.0,6610.0,4618.0,2752.0,4966.0,12069.0,6767.0,8569.0,8806.0,4321.0,4765.0,7463.0,5705.0,5796.0,4767.0,6162.0,8290.0,5993.0,6965.0,7886.0,6027.0,7206.0,8860.0,5518.0,7926.0,7063.0,8474.0,8611.0,,7868.0,8458.0,6556.0,7072.0,8003.0,6564.0,7654.0,8144.0,7818.0,7486.0,8341.0,8940.0,7331.0,8541.0,9222.0,9275.0,11059.0,9950.0,9421.0
广州市,29119.0,32920.0,32865.0,29105.0,31674.0,26596.0,28113.0,27709.0,24643.0,27115.0,23570.0,27379.0,29401.0,28695.0,27205.0,30785.0,29167.0,27049.0,27814.0,26888.0,26713.0,28022.0,27005.0,28962.0,29088.0,28829.0,32622.0,26967.0,25362.0,31319.0,39977.0,37997.0,37087.0,37503.0,38369.0,43223.0,39958.0,38250.0,38867.0,45548.0,47814.0,47691.0,47159.0,42721.0,42383.0,43600.0,45467.0,45957.0,46116.0,43128.0,43642.0
徐州市,11613.0,10182.0,10204.0,10299.0,11100.0,12207.0,11910.0,13633.0,13781.0,10095.0,12353.0,11016.0,10088.0,10194.0,9872.0,10369.0,10625.0,9472.0,9442.0,9172.0,9289.0,13193.0,12150.0,11925.0,12371.0,11902.0,12363.0,12817.0,17113.0,14059.0,13636.0,13755.0,13029.0,12512.0,13634.0,13205.0,12257.0,12285.0,12964.0,13839.0,15119.0,14845.0,14653.0,14553.0,13146.0,14095.0,15223.0,15004.0,15786.0,16480.0,15896.0
惠州市,7960.0,,9587.0,10288.0,12666.0,9702.0,10903.0,11811.0,16028.0,11346.0,15546.0,17746.0,15950.0,14189.0,14326.0,17517.0,15755.0,12755.0,15401.0,13809.0,15060.0,17659.0,16723.0,18931.0,14793.0,16498.0,17041.0,17396.0,18123.0,19223.0,19751.0,19591.0,20366.0,19788.0,20586.0,20332.0,19346.0,19660.0,21779.0,23398.0,22443.0,23282.0,23653.0,24588.0,23731.0,22729.0,21161.0,20981.0,22123.0,22946.0,24236.0
成都市,31013.0,30306.0,30767.0,26585.0,27058.0,25015.0,25798.0,24231.0,22193.0,23309.0,23976.0,22795.0,24032.0,23239.0,24523.0,23189.0,23163.0,24178.0,25797.0,24594.0,25151.0,24125.0,26545.0,25502.0,26172.0,27496.0,26860.0,26733.0,26379.0,27525.0,27361.0,29535.0,29408.0,29337.0,29030.0,27954.0,29102.0,29868.0,31119.0,32096.0,31385.0,30819.0,30133.0,29600.0,30137.0,29206.0,29384.0,29291.0,28613.0,29876.0,30178.0
扬州市,10622.0,11094.0,10709.0,10471.0,10054.0,12244.0,12195.0,11821.0,10787.0,10859.0,10962.0,12292.0,12679.0,11950.0,12350.0,12337.0,10297.0,11252.0,10382.0,12049.0,10901.0,11887.0,13155.0,12361.0,11661.0,10805.0,11713.0,11330.0,10954.0,13129.0,15855.0,14866.0,13470.0,14901.0,13915.0,14330.0,13914.0,13964.0,14516.0,16827.0,16526.0,14013.0,14972.0,15107.0,17053.0,18261.0,18309.0,16636.0,18637.0,17766.0,18329.0
无锡市,14281.0,13357.0,14770.0,14725.0,14877.0,13687.0,14942.0,15744.0,14950.0,14350.0,17410.0,15586.0,15573.0,14075.0,16141.0,15003.0,16038.0,15597.0,16207.0,16019.0,16198.0,16260.0,15882.0,15605.0,15815.0,16222.0,15084.0,15210.0,15343.0,15962.0,16471.0,17029.0,17462.0,18077.0,18443.0,17473.0,17801.0,17772.0,17741.0,18397.0,18156.0,18988.0,19480.0,18973.0,19815.0,20121.0,21034.0,20331.0,20193.0,22314.0,21579.0
日照市,10944.0,12865.0,9550.0,10851.0,9362.0,11346.0,11215.0,13196.0,11124.0,9929.0,11258.0,11156.0,10040.0,10093.0,11130.0,10678.0,9380.0,8537.0,10032.0,9337.0,9278.0,10282.0,9599.0,10729.0,10231.0,9659.0,9506.0,9782.0,10381.0,10251.0,10740.0,10980.0,11274.0,9528.0,10340.0,10646.0,10196.0,9979.0,10519.0,10732.0,11718.0,11075.0,11854.0,12235.0,11326.0,12524.0,12254.0,12225.0,12774.0,12621.0,13449.0
昆明市,21067.0,16064.0,18111.0,17474.0,17179.0,18250.0,17796.0,14428.0,14798.0,13960.0,15984.0,18236.0,16337.0,14636.0,16223.0,16408.0,15223.0,14621.0,15037.0,14221.0,14184.0,14244.0,14225.0,13190.0,12865.0,13863.0,15413.0,15322.0,16795.0,16023.0,16755.0,16883.0,16991.0,17595.0,17886.0,17582.0,17309.0,17324.0,17502.0,17873.0,18648.0,19001.0,20172.0,22526.0,21800.0,21956.0,22096.0,22302.0,22215.0,23721.0,22562.0
杭州市,22214.0,23845.0,24806.0,25285.0,23768.0,22938.0,25590.0,23695.0,24844.0,22786.0,24877.0,21606.0,25837.0,23652.0,22239.0,21473.0,21527.0,21228.0,21515.0,21087.0,21345.0,23811.0,25220.0,25461.0,26411.0,25405.0,28266.0,26585.0,25986.0,26225.0,25769.0,26100.0,27559.0,29327.0,29419.0,28256.0,29654.0,28775.0,28580.0,30315.0,33490.0,33403.0,34690.0,34796.0,35173.0,34970.0,36947.0,36413.0,36821.0,36112.0,37059.0
桂林市,17453.0,13403.0,15596.0,14083.0,16037.0,14659.0,13675.0,12650.0,11975.0,10738.0,15576.0,15999.0,14669.0,15267.0,12563.0,12240.0,13466.0,11700.0,12028.0,15826.0,13113.0,12276.0,11415.0,12407.0,11894.0,11588.0,12597.0,13525.0,14083.0,11480.0,13176.0,,11252.0,9933.0,12739.0,11190.0,9763.0,9736.0,10945.0,11588.0,11688.0,10981.0,11432.0,10798.0,11946.0,10687.0,12091.0,12534.0,12697.0,12891.0,13374.0
武汉市,18161.0,16366.0,20800.0,18982.0,17323.0,17490.0,15451.0,15913.0,15326.0,14969.0,21341.0,23401.0,23092.0,20231.0,19498.0,20858.0,19414.0,21954.0,21991.0,22516.0,21529.0,21408.0,23382.0,25648.0,27297.0,24480.0,26299.0,25828.0,25364.0,27002.0,27512.0,26876.0,25560.0,27052.0,29687.0,29211.0,29199.0,28641.0,28779.0,30725.0,32131.0,31309.0,30555.0,32491.0,31109.0,31796.0,31815.0,30548.0,30276.0,31594.0,32513.0
汕头市,18422.0,18379.0,16416.0,19425.0,15045.0,16435.0,13556.0,14035.0,11547.0,12542.0,15874.0,14984.0,14550.0,13635.0,13895.0,13213.0,12950.0,12243.0,11504.0,11824.0,11406.0,13604.0,10925.0,12123.0,13640.0,11268.0,12034.0,15537.0,12437.0,15714.0,14703.0,15282.0,12274.0,13955.0,14266.0,12008.0,14369.0,13543.0,13938.0,14490.0,15491.0,14725.0,16220.0,13962.0,13950.0,14085.0,15096.0,18590.0,17485.0,17025.0,17647.0
江门市,14784.0,10792.0,15908.0,13806.0,12903.0,8884.0,11379.0,8835.0,7145.0,9210.0,14654.0,13606.0,6853.0,8850.0,11074.0,10793.0,11388.0,9157.0,8544.0,8641.0,8926.0,9520.0,9206.0,10755.0,10249.0,10262.0,11235.0,11368.0,10781.0,12157.0,11752.0,,11034.0,11532.0,12268.0,11881.0,11530.0,12506.0,12255.0,14109.0,13925.0,12023.0,11276.0,12521.0,13988.0,12778.0,13104.0,12583.0,13067.0,13878.0,13612.0
沈阳市,12042.0,11194.0,11247.0,10304.0,9489.0,9853.0,10534.0,11709.0,10908.0,9688.0,13093.0,13251.0,10990.0,11126.0,12345.0,11132.0,10715.0,10541.0,10336.0,12410.0,10838.0,10098.0,10752.0,12482.0,10151.0,9821.0,9869.0,10460.0,10613.0,12412.0,12626.0,13118.0,12616.0,12174.0,12959.0,12221.0,12897.0,12947.0,13925.0,14522.0,15253.0,15152.0,13339.0,15356.0,15310.0,15438.0,15706.0,16608.0,16237.0,16618.0,16438.0
泉州市,20621.0,18218.0,15831.0,19231.0,17520.0,11237.0,16043.0,15943.0,17735.0,11491.0,17312.0,20046.0,14040.0,15785.0,20111.0,20032.0,18578.0,18732.0,15228.0,18047.0,16268.0,16872.0,15110.0,13673.0,14976.0,12983.0,15870.0,19214.0,16938.0,18222.0,18176.0,18389.0,19744.0,17553.0,19778.0,17994.0,17594.0,14476.0,15817.0,18366.0,18198.0,19130.0,18500.0,17870.0,18502.0,17778.0,17188.0,18371.0,19957.0,22368.0,19221.0
泰安市,9868.0,8465.0,10395.0,7769.0,9229.0,6689.0,9056.0,9220.0,7982.0,6841.0,10400.0,7413.0,7344.0,6639.0,7290.0,8388.0,6362.0,7440.0,7589.0,8584.0,7992.0,8951.0,9196.0,10172.0,9949.0,7754.0,8496.0,8419.0,8869.0,9475.0,8814.0,,11615.0,9861.0,10728.0,11096.0,11132.0,10802.0,11361.0,13008.0,11521.0,12471.0,12684.0,11933.0,12003.0,13209.0,12776.0,11909.0,12496.0,12732.0,12925.0
泰州市,14016.0,13977.0,14328.0,14233.0,12149.0,14692.0,15568.0,14101.0,11230.0,11566.0,11849.0,12933.0,11804.0,13756.0,12342.0,10941.0,12427.0,10838.0,11231.0,11664.0,11533.0,12018.0,11126.0,12201.0,11739.0,11380.0,12124.0,11826.0,12193.0,12092.0,12913.0,,14986.0,13458.0,13638.0,13631.0,13761.0,13138.0,15219.0,17058.0,16903.0,16071.0,16443.0,16474.0,16297.0,17101.0,15223.0,16499.0,16560.0,17126.0,17850.0
泸州市,19607.0,,20788.0,20126.0,18252.0,16286.0,17635.0,13148.0,19715.0,12019.0,16942.0,17531.0,15761.0,19658.0,15918.0,15155.0,10999.0,10933.0,17321.0,15257.0,13480.0,15768.0,17631.0,17182.0,15827.0,12558.0,14441.0,15578.0,15571.0,16660.0,16312.0,,14520.0,11322.0,13740.0,10277.0,9432.0,9736.0,11403.0,11392.0,10986.0,10266.0,9364.0,11514.0,10401.0,10715.0,12762.0,13458.0,12597.0,12522.0,12416.0
洛阳市,,,9953.0,5977.0,8925.0,6070.0,5257.0,5365.0,7396.0,5126.0,7023.0,8866.0,5276.0,5720.0,5683.0,5894.0,6334.0,5738.0,6122.0,6872.0,6872.0,7704.0,6833.0,6821.0,8001.0,6566.0,7168.0,7531.0,8114.0,8791.0,8106.0,8565.0,10638.0,10262.0,9146.0,8515.0,11437.0,12908.0,12077.0,11799.0,11669.0,14597.0,13105.0,13862.0,12653.0,12967.0,13261.0,12861.0,12942.0,15197.0,13228.0
济南市,14231.0,12550.0,14925.0,15339.0,14367.0,12074.0,12477.0,12427.0,12467.0,12824.0,12982.0,13697.0,13496.0,14044.0,13027.0,14659.0,12046.0,13064.0,12507.0,15110.0,14336.0,15093.0,14186.0,17340.0,18156.0,17703.0,16183.0,20127.0,21819.0,23382.0,21761.0,22284.0,24961.0,24630.0,26781.0,26396.0,24755.0,24504.0,25485.0,25659.0,28073.0,28163.0,26384.0,28105.0,27447.0,27830.0,26906.0,27449.0,27873.0,26669.0,27329.0
济宁市,8131.0,6924.0,7480.0,8076.0,6493.0,8509.0,7942.0,7036.0,8958.0,7062.0,10601.0,11002.0,10402.0,8113.0,7170.0,9133.0,6958.0,6820.0,10036.0,9181.0,8580.0,8260.0,8719.0,8737.0,8231.0,7909.0,8718.0,9332.0,9328.0,8692.0,9384.0,,9847.0,9385.0,10630.0,9791.0,10171.0,10702.0,9710.0,11986.0,11002.0,11484.0,11989.0,12358.0,12684.0,11974.0,12349.0,12663.0,13733.0,13751.0,13863.0
海口市,12080.0,10711.0,16680.0,17074.0,17513.0,13954.0,14487.0,15211.0,11681.0,11238.0,15255.0,17596.0,16039.0,14344.0,16761.0,17261.0,15204.0,16067.0,13988.0,15271.0,14281.0,14424.0,14588.0,13276.0,12332.0,15318.0,17403.0,17787.0,16357.0,16844.0,17647.0,18298.0,19913.0,20375.0,19412.0,20319.0,21119.0,19750.0,19495.0,24035.0,24362.0,24274.0,26180.0,25834.0,23451.0,25745.0,27156.0,24603.0,24758.0,23074.0,22077.0
淄博市,7539.0,6966.0,6917.0,7505.0,7869.0,7379.0,8465.0,7118.0,7066.0,6691.0,6955.0,8393.0,7357.0,8212.0,7346.0,7868.0,7512.0,6632.0,7980.0,9010.0,7416.0,7444.0,8074.0,8631.0,7263.0,7727.0,7869.0,9146.0,8970.0,9698.0,8949.0,10062.0,10179.0,9818.0,10898.0,10176.0,10504.0,12067.0,11664.0,12338.0,12300.0,12093.0,12652.0,13920.0,12980.0,14208.0,13852.0,13679.0,14424.0,14761.0,14396.0
深圳市,51393.0,43238.0,53160.0,50656.0,48437.0,57519.0,58941.0,60629.0,58068.0,62186.0,60233.0,68860.0,66953.0,66625.0,70425.0,73686.0,74472.0,65679.0,74475.0,65415.0,72791.0,63847.0,66868.0,69812.0,64131.0,77677.0,68344.0,66702.0,63843.0,68207.0,73674.0,73821.0,71486.0,76684.0,80022.0,79616.0,89281.0,80154.0,82095.0,85119.0,88388.0,94435.0,91154.0,92479.0,98251.0,92250.0,94467.0,97491.0,93198.0,93112.0,96267.0
温州市,17887.0,17057.0,21790.0,25182.0,22863.0,29164.0,28309.0,26425.0,24732.0,26053.0,31888.0,21354.0,24989.0,21980.0,24155.0,28347.0,25435.0,24005.0,27788.0,24821.0,22838.0,19120.0,22790.0,22549.0,20475.0,21147.0,26219.0,21592.0,19668.0,20737.0,23354.0,24907.0,20724.0,22852.0,21257.0,22247.0,21951.0,20922.0,20463.0,23564.0,22911.0,22651.0,24664.0,23918.0,24419.0,24148.0,24660.0,25954.0,26261.0,29888.0,28786.0
湖州市,15462.0,15318.0,13518.0,13340.0,11719.0,13093.0,14310.0,12899.0,13515.0,14540.0,14795.0,14999.0,13608.0,13329.0,13079.0,12329.0,13870.0,12621.0,12368.0,12975.0,13026.0,12379.0,13734.0,13205.0,13083.0,12345.0,12735.0,13000.0,13094.0,14217.0,13950.0,,14308.0,15356.0,15375.0,14555.0,15613.0,16055.0,16112.0,17386.0,17868.0,18597.0,17341.0,20206.0,20046.0,18515.0,20195.0,19804.0,21362.0,20891.0,19766.0
潍坊市,8322.0,10396.0,9944.0,7022.0,7981.0,6643.0,8395.0,7701.0,8486.0,6785.0,8113.0,5799.0,6676.0,8194.0,5774.0,7266.0,7183.0,6035.0,5752.0,6733.0,6671.0,7216.0,7789.0,6715.0,7030.0,7137.0,6930.0,6656.0,7225.0,8004.0,8411.0,7461.0,7471.0,7332.0,7465.0,7753.0,7830.0,8265.0,8104.0,8450.0,8573.0,8710.0,9286.0,9438.0,9265.0,9212.0,8885.0,8748.0,9713.0,10371.0,10319.0
烟台市,9941.0,10616.0,9641.0,9656.0,9379.0,11448.0,11590.0,9075.0,9819.0,9231.0,9588.0,10128.0,10234.0,10882.0,10165.0,9916.0,9979.0,8914.0,9468.0,9267.0,9535.0,8923.0,10479.0,9450.0,8875.0,8703.0,8935.0,9110.0,9321.0,10081.0,9568.0,9652.0,9768.0,10813.0,12474.0,11775.0,10725.0,10942.0,10920.0,11898.0,12096.0,11619.0,12984.0,11754.0,11279.0,10617.0,10580.0,11695.0,14768.0,15002.0,14883.0
牡丹江市,8648.0,8035.0,9632.0,8306.0,7703.0,6512.0,7283.0,6966.0,6795.0,8507.0,9477.0,9296.0,9174.0,8821.0,8573.0,8513.0,8983.0,7524.0,7480.0,6711.0,7793.0,7687.0,7955.0,7699.0,6871.0,6241.0,7034.0,7637.0,7927.0,7251.0,7558.0,,6842.0,7468.0,7619.0,7426.0,7181.0,7042.0,7374.0,8393.0,8057.0,7432.0,8083.0,7869.0,7868.0,8068.0,9436.0,10470.0,9363.0,10131.0,10037.0
珠海市,27417.0,28969.0,30861.0,26030.0,29052.0,19816.0,27299.0,27203.0,25503.0,26591.0,32909.0,39622.0,32731.0,30198.0,33163.0,39876.0,43517.0,34913.0,30050.0,29137.0,29777.0,30634.0,31229.0,30211.0,28456.0,28049.0,31366.0,33065.0,30314.0,31917.0,35685.0,32259.0,34794.0,37589.0,35160.0,34765.0,31964.0,30197.0,30814.0,38603.0,40823.0,37760.0,39625.0,39128.0,38175.0,37691.0,39241.0,40771.0,38007.0,37727.0,36366.0
盐城市,12661.0,12633.0,10831.0,9272.0,10792.0,9298.0,11157.0,11538.0,8951.0,9295.0,11639.0,13340.0,12041.0,11654.0,13471.0,12178.0,13073.0,11336.0,11040.0,11409.0,11263.0,11847.0,12644.0,13650.0,16190.0,14452.0,13414.0,15763.0,13126.0,16144.0,17587.0,,13774.0,13739.0,14029.0,14334.0,12536.0,11596.0,12686.0,13156.0,14079.0,15412.0,13610.0,14744.0,14305.0,13635.0,13070.0,13306.0,15383.0,15931.0,15558.0
石家庄市,14751.0,14932.0,16152.0,14688.0,13322.0,14572.0,14306.0,13010.0,14403.0,11462.0,13330.0,14563.0,13004.0,13675.0,13087.0,13054.0,13008.0,12230.0,12459.0,12428.0,14266.0,15245.0,16738.0,15915.0,15786.0,15421.0,16598.0,16589.0,17148.0,19151.0,,19457.0,18695.0,18300.0,19516.0,18862.0,19078.0,18906.0,18624.0,19112.0,20215.0,20518.0,20315.0,21174.0,20285.0,20740.0,20113.0,20041.0,18109.0,18297.0,18510.0
福州市,39708.0,40537.0,41056.0,41106.0,39094.0,33173.0,38278.0,40470.0,36994.0,36945.0,38044.0,38922.0,41380.0,37506.0,37290.0,37725.0,34222.0,30632.0,28099.0,27805.0,29893.0,31188.0,32754.0,41621.0,33397.0,29341.0,30989.0,33876.0,30559.0,32703.0,35270.0,36254.0,37824.0,38780.0,41310.0,37888.0,39214.0,39445.0,38571.0,40668.0,40797.0,39857.0,43020.0,42167.0,39625.0,38115.0,35492.0,41415.0,44245.0,43459.0,42656.0
秦皇岛市,13468.0,,11971.0,11360.0,10408.0,9497.0,10295.0,8857.0,9229.0,8972.0,10569.0,10951.0,10140.0,10587.0,10766.0,10006.0,9753.0,9467.0,9206.0,9641.0,9133.0,10109.0,9527.0,10433.0,9099.0,8663.0,9924.0,10231.0,11440.0,11771.0,11880.0,,13097.0,14169.0,16129.0,12800.0,13408.0,12721.0,13058.0,15648.0,15686.0,15168.0,16906.0,15636.0,16355.0,15905.0,17929.0,17193.0,19503.0,16690.0,16701.0
绍兴市,18835.0,18607.0,17478.0,17799.0,16212.0,17172.0,15795.0,18619.0,17061.0,16533.0,17074.0,16149.0,15787.0,16106.0,16122.0,16658.0,16948.0,14396.0,14222.0,16624.0,16944.0,15005.0,15700.0,15190.0,15017.0,13932.0,13838.0,14632.0,13699.0,14439.0,14574.0,15726.0,13586.0,14465.0,14928.0,14813.0,14603.0,14680.0,15232.0,15531.0,16495.0,15911.0,16485.0,16817.0,17419.0,18313.0,18015.0,17193.0,18868.0,17262.0,17487.0
绵阳市,17410.0,17170.0,17551.0,17952.0,17733.0,16471.0,20381.0,14688.0,17683.0,14281.0,15670.0,17675.0,18368.0,9357.0,15001.0,14007.0,16379.0,12038.0,13790.0,17040.0,14055.0,13927.0,11232.0,13683.0,11827.0,11190.0,11773.0,12899.0,13902.0,12545.0,11907.0,,13644.0,11941.0,12701.0,11527.0,12220.0,10705.0,13623.0,14917.0,14125.0,13103.0,12764.0,13300.0,13332.0,15267.0,14289.0,14799.0,15189.0,15170.0,15073.0
芜湖市,19234.0,21171.0,19407.0,18138.0,16691.0,17548.0,14117.0,14233.0,15013.0,15053.0,18161.0,16484.0,16230.0,17367.0,17322.0,17217.0,14695.0,13610.0,16789.0,15275.0,15178.0,15490.0,13871.0,12815.0,15126.0,14914.0,15208.0,14921.0,14913.0,14667.0,13571.0,,14683.0,12814.0,15225.0,15114.0,14274.0,13924.0,14334.0,16570.0,16640.0,15168.0,15242.0,14444.0,16581.0,15396.0,15691.0,17468.0,16923.0,18948.0,17519.0
苏州市,17459.0,18512.0,16921.0,17106.0,16072.0,15626.0,17199.0,16033.0,17536.0,15942.0,15852.0,17137.0,16709.0,15635.0,16442.0,17606.0,16455.0,15769.0,16347.0,17615.0,17024.0,17412.0,18687.0,17437.0,16927.0,17204.0,19196.0,18260.0,17549.0,20505.0,20282.0,19940.0,19789.0,19592.0,20297.0,20449.0,20641.0,19493.0,20112.0,19845.0,21242.0,22023.0,22436.0,21179.0,21592.0,22145.0,22269.0,21863.0,23329.0,23782.0,23626.0
蚌埠市,11329.0,,11594.0,15058.0,13805.0,13494.0,14045.0,9539.0,12905.0,14424.0,15266.0,17241.0,13619.0,14992.0,13755.0,13893.0,14179.0,10033.0,12746.0,9424.0,11351.0,11762.0,15721.0,12613.0,9955.0,9124.0,8965.0,10477.0,10549.0,8943.0,9231.0,,10365.0,11369.0,15702.0,11078.0,11092.0,11561.0,11607.0,13460.0,13239.0,13897.0,14353.0,14398.0,13173.0,13129.0,14976.0,13623.0,12615.0,13455.0,14847.0
襄阳市,,,7749.0,7746.0,8815.0,12579.0,4200.0,9189.0,10968.0,6352.0,6155.0,9957.0,8348.0,7252.0,7749.0,6690.0,6246.0,5889.0,5547.0,7900.0,8220.0,9946.0,8856.0,8865.0,8954.0,9005.0,9665.0,9440.0,10013.0,9676.0,9974.0,,9628.0,11014.0,13841.0,10488.0,11630.0,10914.0,12114.0,12939.0,13018.0,11565.0,10672.0,10899.0,10982.0,12045.0,12378.0,13658.0,10358.0,10926.0,13718.0
西安市,20632.0,20089.0,19174.0,19736.0,18226.0,17787.0,17376.0,14899.0,16885.0,15669.0,15849.0,15170.0,14081.0,15000.0,14958.0,14887.0,15539.0,16150.0,15881.0,17199.0,16592.0,17612.0,17483.0,17654.0,15050.0,15891.0,16532.0,16936.0,16764.0,19689.0,18429.0,19164.0,19227.0,18734.0,18640.0,19060.0,19784.0,20337.0,20745.0,21430.0,21875.0,22862.0,22459.0,23273.0,25341.0,24670.0,24570.0,25110.0,25319.0,26165.0,25451.0
贵阳市,19084.0,23141.0,21392.0,24906.0,21006.0,15469.0,19924.0,23003.0,18876.0,22198.0,22879.0,26656.0,24916.0,22608.0,23641.0,21770.0,20329.0,23288.0,22842.0,19403.0,17830.0,18188.0,17431.0,19184.0,17563.0,17281.0,20138.0,19894.0,16914.0,14932.0,13661.0,14422.0,14655.0,14386.0,14969.0,14580.0,15757.0,15653.0,15184.0,17010.0,16645.0,17086.0,16914.0,18051.0,17813.0,17134.0,18173.0,18443.0,19482.0,20119.0,19538.0
赣州市,17606.0,16915.0,13911.0,14180.0,15252.0,14145.0,13682.0,15075.0,14850.0,10948.0,15090.0,14070.0,14572.0,11066.0,13003.0,11668.0,12205.0,11948.0,11473.0,12471.0,13437.0,11528.0,12681.0,10619.0,10769.0,10394.0,11573.0,10921.0,12136.0,11289.0,11386.0,12219.0,11659.0,13152.0,12601.0,11281.0,12022.0,11496.0,13749.0,13718.0,14812.0,14591.0,13296.0,13124.0,13720.0,13181.0,13229.0,14143.0,13053.0,14962.0,14791.0
遵义市,10167.0,,14727.0,19047.0,19995.0,18055.0,18194.0,18758.0,19231.0,12544.0,24122.0,21237.0,23305.0,20966.0,14946.0,11884.0,14189.0,8456.0,17923.0,19403.0,15945.0,19376.0,17098.0,17058.0,15627.0,16257.0,18550.0,20480.0,21144.0,17421.0,16917.0,,20907.0,19291.0,19512.0,11031.0,9489.0,8582.0,9521.0,10888.0,10475.0,11134.0,10439.0,17035.0,12800.0,14441.0,16018.0,14646.0,16186.0,15321.0,14943.0
郑州市,11534.0,14175.0,11560.0,14117.0,11586.0,13653.0,15460.0,17263.0,12824.0,13058.0,13565.0,14714.0,13662.0,15322.0,13591.0,17387.0,13254.0,12058.0,12202.0,12637.0,13461.0,13955.0,16091.0,15181.0,14831.0,15759.0,17141.0,16547.0,16929.0,18879.0,19071.0,19205.0,16605.0,16306.0,16758.0,17696.0,17711.0,17950.0,18199.0,18101.0,18564.0,18289.0,18888.0,18590.0,19212.0,19952.0,20411.0,19371.0,19301.0,19333.0,20501.0
重庆市,23390.0,22572.0,22838.0,21316.0,21212.0,21369.0,21278.0,20448.0,19546.0,19707.0,18065.0,20488.0,19479.0,20818.0,19627.0,20831.0,20596.0,19842.0,20384.0,21571.0,20161.0,20949.0,21678.0,22849.0,23461.0,21590.0,23564.0,22639.0,22370.0,20855.0,19653.0,20222.0,18973.0,20902.0,19890.0,20497.0,19765.0,20039.0,21105.0,22438.0,23186.0,23335.0,22790.0,22744.0,23263.0,23931.0,23432.0,23733.0,22886.0,23168.0,23731.0
金华市,22129.0,19277.0,21079.0,20587.0,19968.0,18789.0,21892.0,21477.0,20870.0,20848.0,22096.0,21204.0,18407.0,18377.0,19273.0,17062.0,19885.0,20341.0,18854.0,18305.0,16625.0,18278.0,17799.0,17232.0,17931.0,16579.0,16939.0,16690.0,17472.0,18357.0,19020.0,19449.0,17640.0,18165.0,18894.0,16930.0,16777.0,17061.0,17988.0,18058.0,18584.0,19277.0,18769.0,19904.0,20038.0,18538.0,19632.0,17769.0,22496.0,22394.0,22280.0
银川市,11142.0,,9777.0,10572.0,8376.0,7428.0,12100.0,10670.0,7972.0,8720.0,8949.0,10547.0,7789.0,8272.0,9028.0,8332.0,7567.0,9208.0,9120.0,11209.0,10536.0,10802.0,10627.0,10165.0,8580.0,9338.0,10184.0,9442.0,8796.0,9445.0,9830.0,,9031.0,9707.0,10053.0,9022.0,9090.0,8656.0,10102.0,10542.0,10611.0,10973.0,11299.0,11066.0,11163.0,10763.0,13903.0,13269.0,12254.0,11654.0,11519.0
锦州市,9071.0,,8294.0,7634.0,7435.0,8410.0,9248.0,11659.0,6800.0,6887.0,7741.0,8135.0,6113.0,6442.0,5528.0,7755.0,7005.0,7167.0,6759.0,8491.0,8253.0,8077.0,7344.0,8425.0,7031.0,7122.0,6459.0,6922.0,7197.0,7314.0,7024.0,,6529.0,8316.0,7462.0,7615.0,7277.0,8218.0,8039.0,8188.0,8273.0,8706.0,8127.0,8548.0,8835.0,8673.0,7961.0,7746.0,9186.0,9486.0,8406.0
镇江市,11904.0,10334.0,12609.0,11538.0,12211.0,10814.0,11405.0,11601.0,10605.0,12951.0,10191.0,12825.0,8728.0,8887.0,12149.0,9913.0,11476.0,9622.0,9483.0,10145.0,9896.0,9603.0,10600.0,10395.0,10372.0,10599.0,10567.0,10911.0,11448.0,11631.0,11067.0,,10301.0,9945.0,10008.0,10933.0,10389.0,10082.0,10579.0,11524.0,12195.0,11982.0,11583.0,12641.0,12384.0,11880.0,11757.0,11734.0,12943.0,11849.0,11950.0
长春市,10037.0,11436.0,11098.0,9855.0,9830.0,9772.0,10727.0,9854.0,10514.0,9852.0,10514.0,11626.0,11402.0,9660.0,10120.0,9236.0,8663.0,7983.0,8398.0,10970.0,10142.0,9595.0,9400.0,8983.0,8622.0,8489.0,9271.0,9669.0,9544.0,10005.0,10864.0,11446.0,10576.0,10797.0,11201.0,10901.0,10775.0,10289.0,10925.0,11593.0,11711.0,10988.0,11676.0,12363.0,12569.0,12729.0,13348.0,13043.0,12372.0,13695.0,13361.0
长沙市,20733.0,17893.0,20371.0,19702.0,19028.0,16235.0,16947.0,21096.0,18781.0,14648.0,14517.0,20719.0,20249.0,19782.0,16870.0,17510.0,15375.0,16050.0,13625.0,15969.0,14617.0,15859.0,15316.0,19659.0,15387.0,14575.0,17072.0,17488.0,20044.0,17294.0,16576.0,17439.0,17149.0,18621.0,19286.0,19483.0,19670.0,18641.0,19620.0,21401.0,22007.0,21404.0,21500.0,21456.0,22191.0,22997.0,24592.0,23468.0,23934.0,23699.0,23918.0
青岛市,13569.0,13405.0,13190.0,12485.0,12538.0,11690.0,12500.0,13372.0,12980.0,14101.0,12974.0,14725.0,13747.0,14782.0,12945.0,14064.0,13504.0,13885.0,13257.0,14451.0,15409.0,13752.0,16140.0,15797.0,15158.0,14761.0,17791.0,15789.0,16693.0,18120.0,18288.0,19068.0,18965.0,19290.0,20962.0,20845.0,20457.0,21557.0,20686.0,22902.0,23364.0,23232.0,23272.0,23194.0,23224.0,23854.0,22826.0,24080.0,25331.0,24516.0,25205.0
马鞍山市,10180.0,,10706.0,11948.0,11418.0,10948.0,10763.0,11827.0,11367.0,10207.0,9404.0,12615.0,11680.0,9494.0,10367.0,8901.0,9151.0,8214.0,8498.0,8331.0,9030.0,9724.0,9710.0,8469.0,8341.0,8606.0,8674.0,8926.0,9488.0,9129.0,9491.0,,10002.0,11251.0,10744.0,10617.0,10225.0,9581.0,11570.0,10947.0,11924.0,10838.0,12491.0,11565.0,11925.0,10884.0,11551.0,11579.0,10796.0,12166.0,11102.0
