city,2009-03,2009-06,2009-09,2009-12,2010-03,2010-06,2010-09,2010-12,2011-03,2011-06,2011-09,2011-12,2012-03,2012-06,2012-09,2012-12,2013-03,2013-06,2013-09,2013-12,2014-03,2014-06,2014-09,2014-12,2015-03,2015-06,2015-09,2015-12,2016-03,2016-06,2016-09,2016-12,2017-03,2017-06,2017-09,2017-12,2018-01,2018-02,2018-03,2018-04,2018-05,2018-06,2018-07,2018-08,2018-09,2018-10,2018-11,2018-12,2019-01,2019-02,2019-03
上海市,100.0,100.43,99.0,111.46,141.96,145.73,149.0,127.57,143.82,153.97,230.27,231.72,234.56,226.84,232.99,208.44,221.32,205.72,195.04,196.35,190.2,189.44,204.93,204.82,193.62,200.16,217.47,216.87,237.07,248.15,256.37,260.27,271.25,268.55,387.92,425.12,437.44,458.72,455.55,494.76,517.16,511.56,522.76,511.56,513.02,513.21,514.54,505.24,490.27,518.37,480.51
东莞市,,,,,100.0,90.19,79.65,87.56,91.77,106.3,121.16,175.26,180.89,164.41,163.39,182.61,196.18,185.57,145.01,146.52,146.42,178.87,191.61,185.04,178.16,171.6,140.0,154.67,146.05,128.41,111.2,138.11,125.29,112.71,133.91,128.99,128.99,154.61,159.03,191.43,194.38,197.33,179.66,185.55,186.32,202.11,175.16,200.93,177.01,205.58,254.65
东营市,,,,,,,,,100.0,76.09,76.26,92.1,92.98,89.53,90.58,95.78,102.41,105.33,113.66,111.73,109.54,119.54,115.75,103.55,98.03,95.14,100.82,101.18,99.61,89.51,91.11,103.54,111.35,119.79,80.19,119.62,127.97,110.35,102.0,117.45,123.63,117.45,120.54,132.9,127.24,151.72,133.36,140.0,125.72,141.3,127.76
中山市,,,,,100.0,134.24,131.92,196.96,202.68,231.05,225.05,237.89,234.17,254.03,269.89,247.39,279.8,315.27,285.51,272.91,258.16,292.35,280.32,286.59,288.83,245.39,225.84,269.85,259.78,273.72,260.06,243.92,230.1,253.69,183.67,286.22,315.26,296.59,324.94,366.42,359.51,359.51,352.6,387.17,393.53,375.76,411.02,372.93,381.16,420.71,412.07
临沂市,,,,,,,,,100.0,105.31,112.43,117.26,124.63,119.22,121.48,129.87,151.7,123.53,154.73,156.5,149.76,184.65,166.35,148.13,131.16,148.17,154.43,165.18,152.69,148.99,137.98,152.46,114.28,122.38,111.35,159.41,145.9,185.08,189.13,211.65,193.64,220.66,247.68,166.62,199.85,177.78,224.21,189.85,226.55,241.82,232.18
乌鲁木齐市,,,,,,,,,100.0,95.45,97.61,98.2,112.24,111.15,110.35,115.02,131.1,152.04,162.02,164.23,151.23,149.85,138.16,98.68,110.57,97.1,105.62,104.73,99.93,90.64,115.27,120.07,120.41,111.15,156.08,187.78,192.84,187.78,180.56,195.0,197.41,154.08,207.05,195.01,255.58,161.86,221.28,144.98,201.94,221.73,198.31
九江市,,,,,100.0,92.81,94.63,117.62,150.65,154.31,150.21,180.89,185.07,174.41,174.52,191.53,183.6,224.67,254.74,252.14,258.77,280.87,246.92,234.58,172.52,156.04,163.6,180.81,172.0,172.12,176.94,158.23,180.77,143.91,82.53,145.4,149.72,249.05,220.74,220.74,259.13,230.34,239.94,235.14,229.53,273.82,270.84,273.34,233.27,218.78,265.14
佛山市,,,,,100.0,125.91,141.5,148.66,157.7,157.62,166.18,207.91,191.95,195.98,169.6,212.03,221.18,230.1,229.15,159.86,194.06,193.09,203.08,148.48,167.0,153.83,131.59,139.2,127.24,133.25,117.14,116.05,101.52,106.01,141.18,143.27,149.09,171.22,151.42,166.95,170.83,172.77,166.95,165.01,180.15,189.76,169.42,169.85,157.17,188.58,195.49
保定市,,,,,,,,,100.0,115.94,121.87,139.43,124.73,127.01,122.53,148.49,142.7,152.82,138.42,126.21,154.46,158.54,144.18,142.27,135.1,139.66,147.49,152.67,153.52,169.2,159.79,163.35,186.8,162.54,149.38,223.03,231.61,207.31,219.22,247.81,257.34,243.04,243.04,209.68,217.92,229.5,218.63,237.26,258.94,260.18,259.66
兰州市,,,,,,,,,100.0,92.85,84.5,99.83,98.9,124.88,94.38,129.67,128.81,176.51,161.15,154.78,140.84,184.81,162.81,94.83,71.34,70.04,76.46,124.89,121.31,128.58,107.15,141.67,153.4,139.39,185.21,206.89,187.4,186.9,178.24,198.23,199.9,209.9,216.56,179.91,185.79,199.78,215.31,240.2,232.3,230.37,183.21
包头市,,,,,,,,,100.0,140.35,135.23,165.65,170.51,155.45,158.99,158.06,171.34,203.78,173.69,185.2,149.31,162.26,149.51,105.82,120.09,102.98,95.86,100.91,91.01,92.68,111.93,118.04,130.13,116.29,70.33,114.65,134.45,171.97,173.71,163.29,180.66,177.19,177.19,166.77,169.45,169.38,187.38,170.91,186.41,163.06,171.82
北京市,100.0,107.45,127.97,152.44,169.93,196.93,206.25,214.86,227.82,244.82,267.9,309.18,336.53,315.88,377.58,356.98,350.68,326.93,352.16,364.89,389.11,368.18,379.62,351.92,338.31,309.96,307.6,310.9,325.94,334.04,351.68,371.06,335.2,357.44,433.27,444.74,444.07,488.48,475.47,540.51,576.39,601.06,585.36,585.36,592.25,625.15,645.83,605.12,607.63,631.85,613.41
南京市,,,,,100.0,109.86,116.9,120.16,111.11,109.88,128.48,126.26,136.92,144.9,129.28,129.87,150.58,146.02,152.86,155.23,140.03,142.23,152.96,137.77,122.52,121.57,124.15,121.97,123.99,131.83,137.92,150.65,139.88,127.16,171.45,185.55,187.77,200.55,199.99,209.25,212.95,216.65,224.06,214.8,314.64,328.05,349.55,356.85,305.98,318.41,315.91
南充市,,,,,,,,,100.0,111.67,101.6,110.87,115.79,117.19,114.08,120.96,135.81,154.98,160.25,158.35,163.13,161.51,166.65,130.63,135.05,113.15,95.68,105.07,146.95,107.97,124.18,118.85,103.64,94.93,53.7,89.55,102.58,170.15,157.4,168.26,143.84,168.27,195.41,116.7,159.74,149.51,152.55,126.44,149.18,251.76,155.53
南宁市,100.0,139.68,184.44,198.7,241.26,322.69,311.54,321.68,351.04,331.52,294.55,399.06,375.89,357.23,395.14,461.77,418.59,417.03,410.11,429.94,426.22,432.39,398.66,352.69,299.19,273.64,296.07,282.52,246.54,244.48,235.9,229.17,223.5,211.84,282.45,288.16,283.28,328.87,303.91,371.75,401.6,428.74,407.03,409.74,451.85,350.01,447.59,435.79,381.66,352.41,338.76
南昌市,100.0,87.1,95.5,104.53,106.81,136.34,128.84,137.75,143.05,148.29,163.27,157.35,171.38,163.28,145.77,160.53,180.02,190.7,223.07,154.39,174.81,218.27,211.49,184.29,184.99,181.74,158.26,162.5,184.45,182.29,174.58,202.79,211.17,159.55,202.83,175.94,176.89,184.46,167.12,157.66,173.43,176.58,179.73,189.19,201.39,194.07,200.41,179.91,201.98,209.93,213.24
南通市,,,,,100.0,84.99,89.33,78.12,81.75,94.26,98.15,106.23,103.42,107.39,94.89,104.68,103.93,103.32,98.74,97.84,105.11,119.01,126.05,113.56,110.06,111.63,119.66,115.53,109.68,98.29,112.19,112.03,98.8,96.62,123.36,126.33,121.56,129.9,121.16,139.04,141.03,125.14,133.09,129.12,123.68,123.38,128.88,112.21,125.44,133.68,116.24
厦门市,,,,,100.0,124.45,110.07,118.83,109.45,107.68,126.42,135.09,139.88,140.45,156.16,162.51,166.4,170.62,168.02,166.68,169.59,176.42,181.61,168.27,164.78,150.62,142.39,144.46,132.39,141.76,151.57,153.33,134.65,128.56,192.61,241.95,236.66,239.3,260.01,260.01,251.2,275.44,310.7,282.05,222.38,238.95,249.42,251.54,238.89,225.16,227.67
台州市,,,,,100.0,105.68,95.38,123.81,116.64,125.35,130.49,141.86,122.46,121.61,123.69,136.1,136.45,125.21,165.35,161.4,143.3,137.93,132.64,97.4,98.36,125.25,121.27,121.03,114.69,108.46,113.48,105.34,119.09,110.74,67.85,117.14,116.46,117.82,136.21,129.4,127.13,136.21,147.56,145.29,153.85,136.03,157.98,131.65,125.34,124.5,127.13
合肥市,100.0,91.52,97.16,118.7,142.11,180.52,181.96,193.56,168.3,178.89,232.04,264.08,242.14,280.34,266.46,218.66,216.11,241.12,244.27,269.2,275.1,296.97,299.0,232.15,261.04,219.82,226.52,243.48,244.85,255.77,259.3,279.67,228.9,199.83,327.35,325.51,418.1,368.91,376.14,424.36,434.0,414.71,438.82,424.35,428.21,412.59,442.97,474.12,459.41,436.12,448.66
吉林市,,,,,100.0,109.05,112.8,126.5,136.68,150.83,164.07,161.41,152.95,168.59,166.16,202.08,227.96,189.28,169.1,199.9,201.73,202.47,200.41,122.72,147.3,158.39,124.36,133.24,150.8,147.17,158.82,174.37,161.45,163.3,100.17,195.04,177.42,203.84,218.1,218.1,209.71,209.71,197.13,197.13,191.05,193.06,206.15,197.26,183.46,192.9,185.27
呼和浩特市,,,,,100.0,99.76,110.41,135.24,138.02,143.37,158.65,177.65,155.9,157.47,140.13,170.85,160.06,174.38,146.18,197.6,187.56,215.06,209.21,140.75,174.12,142.15,117.47,141.98,138.28,104.86,140.06,146.51,149.78,142.91,117.2,181.37,230.1,316.73,270.71,275.22,284.24,243.63,311.3,234.6,267.62,275.79,320.09,249.35,296.54,276.6,288.33
哈尔滨市,100.0,111.44,128.69,141.96,142.76,159.19,147.04,141.01,150.23,151.21,158.16,171.78,193.19,172.84,167.1,183.56,178.72,178.88,192.18,190.18,211.9,229.7,225.35,185.41,178.42,178.96,159.61,171.71,169.07,161.46,147.18,152.29,145.82,134.16,167.46,193.57,184.53,193.57,175.74,208.38,165.7,178.25,155.65,160.67,172.17,187.21,180.83,169.28,178.17,177.87,166.37
唐山市,,,,,100.0,97.12,102.25,107.98,122.09,126.42,112.67,125.85,95.41,100.57,98.6,111.79,106.25,88.87,102.97,83.24,97.48,87.01,124.7,74.24,100.23,81.93,64.61,68.57,77.61,73.62,73.2,83.85,82.99,79.44,62.17,102.97,98.32,90.76,89.21,110.54,110.54,106.66,100.84,93.08,90.89,91.53,100.88,111.14,93.47,97.29,93.62
嘉兴市,,,,,100.0,99.8,100.67,103.41,98.12,114.57,106.77,117.98,108.84,110.73,115.7,117.2,113.74,114.93,120.1,134.97,126.36,121.02,131.11,110.18,112.33,112.4,123.33,113.63,102.38,107.85,102.77,106.74,112.87,129.93,136.6,149.2,159.98,152.52,160.26,168.55,174.08,168.55,187.89,160.26,176.87,159.3,151.59,166.54,134.98,152.69,154.93
大连市,,,,,100.0,110.94,108.09,111.82,116.7,116.86,129.96,127.54,134.0,127.42,123.75,129.92,134.52,120.51,123.36,128.78,132.92,138.03,132.07,122.74,114.55,112.55,123.32,126.74,122.47,112.71,130.14,121.93,103.91,112.48,141.28,141.32,123.36,125.16,137.74,149.72,153.71,153.71,155.71,143.73,141.99,146.5,149.53,155.04,144.4,143.38,147.73
天津市,100.0,126.44,125.46,114.75,149.43,169.71,170.59,178.67,207.21,186.27,232.15,268.0,261.58,204.31,206.72,231.44,241.4,243.6,248.87,315.07,310.28,306.3,324.13,307.69,308.54,262.0,227.1,241.19,251.39,272.7,287.47,304.8,305.9,303.2,348.64,361.52,363.72,368.13,389.44,433.53,411.49,426.19,429.86,477.62,504.11,520.2,502.27,492.24,519.39,480.48,438.56
太原市,,,,,100.0,130.03,137.51,130.3,168.6,167.02,146.28,172.84,209.66,189.99,165.13,175.67,200.98,214.56,210.4,258.87,266.78,283.31,258.68,199.26,194.56,213.84,190.89,195.02,186.77,201.41,193.69,201.4,198.49,189.08,241.78,259.47,263.3,251.81,245.75,204.26,245.75,121.28,245.75,245.75,261.58,204.36,226.06,248.94,332.33,299.84,207.29
宁波市,,,,,100.0,119.2,111.2,103.97,114.76,116.98,126.92,135.59,131.31,135.24,138.63,129.35,136.0,141.51,125.85,132.89,134.67,139.05,127.66,115.86,115.18,107.47,102.51,103.91,94.83,97.45,95.27,92.03,86.2,77.72,101.44,112.74,107.94,116.1,118.34,132.73,105.54,118.33,115.13,124.72,117.41,123.95,121.02,129.29,126.17,129.67,127.03
安庆市,,,,,100.0,99.57,93.57,105.33,119.64,126.93,130.57,137.3,140.29,128.15,136.91,138.02,149.18,146.8,159.16,188.47,181.26,197.04,192.63,176.72,180.15,172.29,157.34,165.04,169.43,177.46,151.66,147.93,174.44,180.61,103.58,143.87,173.03,239.13,246.26,259.22,252.74,220.34,220.34,220.34,231.75,241.15,257.29,230.39,247.5,283.53,271.67
常州市,100.0,113.23,174.16,113.1,134.38,129.76,155.5,156.45,166.71,200.02,190.21,219.89,228.13,191.38,197.43,174.28,194.02,194.22,195.85,203.02,187.2,196.06,189.9,159.92,179.44,196.06,169.28,169.26,168.3,167.94,172.86,181.96,195.41,192.77,176.93,178.26,187.44,205.79,200.98,200.98,200.98,200.98,214.09,214.09,193.82,206.45,212.39,206.4,193.16,176.34,243.45
平顶山市,,,,,,,,,100.0,98.69,82.4,91.49,101.24,97.78,117.42,166.38,159.24,168.29,143.69,199.09,178.5,171.37,189.16,43.72,90.27,81.55,113.3,110.05,72.68,69.54,87.04,90.19,106.36,90.49,67.81,83.82,100.43,112.29,129.16,123.89,142.34,155.52,142.34,144.98,123.31,137.91,150.75,162.69,153.99,150.7,155.5
广州市,100.0,75.24,92.22,82.59,132.7,170.59,152.73,151.44,146.88,177.19,278.18,436.31,397.76,399.01,349.13,425.68,437.91,382.65,385.8,367.12,345.98,324.76,305.36,246.98,261.28,233.64,216.75,214.18,228.67,234.65,219.56,226.88,237.35,201.46,162.87,153.53,145.99,176.16,179.57,201.12,210.1,211.9,208.31,213.7,532.83,468.41,444.71,480.43,378.14,379.94,441.61
徐州市,,,,,100.0,123.93,124.63,137.36,149.89,152.96,169.12,183.7,160.48,175.52,140.85,161.83,166.78,165.38,183.88,173.37,176.5,171.59,182.8,134.49,148.24,155.96,184.04,169.14,138.41,140.51,128.79,172.55,150.3,163.26,164.4,207.73,196.26,207.73,199.66,229.4,250.64,276.13,267.63,250.64,276.34,261.09,240.78,231.82,238.57,280.5,277.57
惠州市,,,,,,,,,100.0,110.98,114.05,136.71,134.93,125.91,101.53,85.37,95.26,111.28,151.16,127.37,145.28,148.39,122.81,85.0,66.6,80.74,97.95,112.72,112.31,113.25,110.47,132.28,109.23,93.41,135.42,159.88,158.99,156.31,169.71,172.69,166.74,166.74,184.61,193.54,179.19,191.28,201.94,179.07,196.16,203.13,191.67
成都市,100.0,91.72,117.15,98.79,132.4,187.27,188.4,210.04,203.54,208.33,248.74,273.6,287.58,276.77,270.76,273.13,328.25,340.02,311.49,310.0,353.98,333.44,329.49,291.77,281.01,239.54,219.16,215.45,220.61,215.19,230.91,233.3,205.38,171.52,226.01,264.11,240.19,251.67,255.18,306.22,338.12,376.4,366.83,360.45,355.38,352.29,508.05,568.53,487.06,514.56,561.36
扬州市,100.0,122.88,130.68,150.77,175.32,177.12,192.49,208.08,211.55,218.36,216.46,218.33,215.84,204.0,198.91,213.69,191.2,211.14,222.23,234.0,251.53,248.85,232.65,217.69,212.09,208.75,225.42,225.52,243.82,222.52,220.04,246.38,250.31,217.43,239.58,271.65,242.32,279.36,282.96,282.96,303.54,267.53,303.54,334.41,320.06,344.45,341.77,275.35,330.66,304.63,333.9
无锡市,100.0,92.25,124.38,120.93,117.96,136.84,143.54,138.67,139.74,149.75,149.63,165.98,156.46,142.41,148.98,140.61,152.76,129.14,118.36,134.9,145.04,174.53,146.91,146.22,127.35,126.33,133.68,140.22,138.42,136.92,142.37,140.88,138.41,110.77,144.9,179.27,186.88,188.57,191.67,205.76,208.58,228.31,217.04,242.41,229.58,219.38,219.77,225.1,193.19,217.4,221.85
日照市,,,,,,,,,100.0,117.45,116.39,122.9,120.36,136.03,131.44,139.32,136.16,152.37,162.98,191.15,169.68,172.16,171.65,133.76,173.33,164.66,182.25,173.0,165.75,148.4,147.0,157.7,179.22,135.32,133.27,150.73,168.26,177.61,194.75,167.48,175.27,186.95,183.06,179.17,181.97,173.83,173.48,200.32,197.01,185.32,161.09
昆明市,,,,,100.0,108.54,106.99,133.06,149.95,149.94,163.95,192.84,178.54,180.7,157.78,177.38,177.34,208.29,202.05,192.22,174.02,182.03,172.25,158.93,139.94,131.62,114.22,121.08,118.9,113.6,107.57,102.9,93.68,99.13,144.71,148.97,140.14,140.14,139.35,157.01,172.71,158.97,153.08,155.04,170.09,160.57,193.68,199.59,172.08,165.31,195.26
杭州市,100.0,78.58,77.61,123.9,146.12,136.39,144.53,147.9,166.9,162.17,200.14,203.68,204.47,190.03,155.32,173.99,216.66,198.29,181.34,172.7,169.73,158.09,153.59,135.88,137.03,134.3,139.05,134.1,131.18,120.23,119.76,140.06,173.97,128.92,143.69,168.35,152.86,164.74,172.14,196.24,211.73,196.24,197.96,218.62,273.88,267.58,256.18,271.9,268.51,251.78,248.51
桂林市,,,,,,,,,100.0,88.23,124.08,137.34,172.27,140.28,117.43,129.18,165.31,157.69,155.5,159.91,149.22,193.29,156.32,148.26,116.77,106.64,92.47,101.93,99.72,90.67,104.74,86.83,80.46,73.17,48.72,76.24,75.7,83.22,102.01,91.27,119.9,71.58,105.58,96.63,93.09,80.67,105.97,105.99,92.75,104.97,120.32
武汉市,100.0,98.21,112.7,111.39,130.39,152.81,166.27,172.52,169.08,168.05,198.67,228.63,204.31,185.15,170.34,195.96,225.72,254.03,252.8,241.69,208.08,230.52,222.98,168.66,203.56,184.03,160.19,191.66,216.15,214.47,227.19,244.89,202.04,187.27,282.89,324.01,320.12,318.17,340.55,353.52,360.01,382.71,402.17,392.44,372.36,422.92,415.36,459.11,396.22,404.88,439.23
汕头市,100.0,102.31,93.65,94.59,103.89,130.3,127.5,137.79,140.37,129.71,129.88,133.91,158.47,159.07,152.98,172.35,173.05,175.05,180.46,200.94,220.74,209.75,210.08,181.39,187.88,179.09,134.67,149.7,149.2,135.79,123.4,129.24,129.69,128.3,129.13,128.18,145.73,136.57,150.05,162.77,170.4,175.49,178.03,178.03,176.15,176.81,168.85,170.78,171.49,164.85,162.0
江门市,100.0,175.32,49.56,117.16,161.85,160.29,133.57,165.61,213.49,190.93,186.95,203.85,215.87,181.06,205.0,212.19,228.84,228.72,218.65,251.6,234.48,284.08,250.37,151.2,224.8,173.73,129.24,146.97,156.48,160.38,133.71,152.9,148.25,126.75,90.93,157.32,178.89,192.85,198.77,207.23,219.92,203.0,203.0,232.6,225.24,226.09,220.55,226.01,212.9,224.36,234.43
沈阳市,,,,,100.0,109.65,114.22,120.84,123.84,127.98,143.57,162.37,166.21,155.66,143.36,158.98,160.82,157.02,171.58,159.71,161.73,164.25,172.01,148.43,137.58,118.3,132.51,144.23,138.44,129.18,133.92,131.36,138.81,140.24,146.66,137.91,136.95,152.27,162.8,185.15,185.15,188.34,181.96,181.96,198.43,207.85,208.17,218.19,247.24,215.7,202.58
泉州市,,,,,100.0,103.6,118.7,137.45,125.83,136.64,140.08,141.81,151.73,151.79,119.31,132.62,143.2,176.95,173.79,161.49,164.54,170.94,175.17,130.36,131.07,121.23,119.91,124.32,138.82,137.64,120.43,111.71,124.29,107.05,107.55,110.44,115.36,101.29,114.89,131.3,143.02,133.64,154.74,157.08,145.4,132.9,142.89,157.64,148.4,145.7,186.61
泰安市,,,,,,,,,100.0,95.23,102.32,97.95,95.06,84.76,89.13,108.87,115.6,97.41,130.14,110.56,111.85,112.89,116.17,79.74,109.53,89.26,96.7,93.69,80.1,82.81,89.01,104.37,103.21,98.13,56.34,95.45,108.42,112.13,126.65,120.47,139.0,114.29,111.2,123.56,134.0,112.81,124.15,125.88,104.47,134.06,132.24
泰州市,,,,,100.0,114.34,131.12,131.39,142.38,117.26,156.48,175.43,165.99,149.74,153.39,149.62,148.14,149.24,155.44,162.81,176.7,164.26,198.37,148.71,189.62,185.16,181.34,167.94,167.38,150.59,153.41,157.88,148.95,140.2,97.25,168.64,181.32,181.32,202.88,207.11,224.02,207.11,224.02,207.11,223.59,180.35,219.07,224.56,201.95,219.36,207.36
泸州市,,,,,,,,,100.0,128.39,119.96,140.91,152.85,144.15,180.13,178.32,195.31,228.09,210.67,235.94,250.83,220.13,197.02,168.34,217.59,213.64,206.08,199.93,194.42,150.79,186.73,199.75,173.7,166.71,116.67,183.88,215.58,272.65,253.63,264.2,253.63,285.33,274.76,280.04,287.49,265.83,253.62,265.14,266.36,285.38,276.19
洛阳市,,,,,,,,,100.0,105.65,87.36,107.52,100.49,88.76,87.57,92.73,138.84,102.19,121.05,141.23,118.71,135.28,165.03,89.45,116.09,82.35,70.58,71.89,64.97,69.53,77.14,82.81,60.04,72.18,74.03,126.88,134.54,116.49,149.49,246.11,218.76,238.81,182.3,191.42,204.62,205.9,196.49,202.98,239.33,196.4,135.73
济南市,100.0,103.59,118.54,114.87,147.8,175.3,171.66,156.53,187.56,199.23,197.48,207.92,199.63,206.49,190.71,193.39,188.99,212.15,246.27,235.78,260.51,247.87,253.88,242.82,224.02,217.66,196.09,203.55,211.4,208.39,220.01,243.08,227.29,219.67,297.87,329.37,306.88,330.69,330.69,379.19,410.05,410.05,436.5,432.09,468.99,525.25,378.52,450.39,515.25,503.35,502.69
济宁市,,,,,,,,,100.0,98.85,96.93,113.66,117.67,113.43,97.04,114.38,137.83,127.24,109.27,139.13,144.53,137.88,115.98,95.84,87.84,90.43,93.23,109.62,97.04,88.72,109.26,99.42,101.21,102.96,57.72,114.62,107.62,132.12,128.33,137.08,140.0,128.33,140.0,128.33,137.49,135.57,130.76,150.42,154.88,159.23,135.4
海口市,,,,,,,,,100.0,132.69,123.7,111.29,129.27,117.47,125.1,96.34,118.08,163.35,122.41,84.24,104.23,119.17,134.86,98.59,105.38,114.58,95.0,108.57,113.68,113.97,103.21,99.52,98.72,89.49,106.02,82.28,77.47,86.13,115.48,107.46,112.27,121.89,128.31,115.48,136.46,125.57,151.23,139.89,129.35,148.9,160.09
淄博市,,,,,,,,,100.0,107.51,112.42,120.2,111.44,114.16,102.33,99.27,118.97,121.41,127.72,139.42,134.65,139.93,125.26,93.34,100.36,106.21,104.14,108.08,106.53,103.42,115.76,113.46,110.36,114.24,115.97,130.92,171.29,159.29,170.93,167.29,167.29,174.56,160.01,167.28,167.28,164.88,190.37,195.24,196.08,179.57,175.57
深圳市,100.0,123.93,148.01,156.68,182.72,240.57,212.45,247.26,263.23,299.19,449.99,433.23,474.15,453.14,461.48,474.73,503.57,522.93,503.98,402.62,416.62,453.29,478.4,500.44,505.0,519.52,579.6,601.08,672.27,693.0,692.63,656.01,735.14,537.32,863.9,893.64,1049.67,1055.34,1016.57,1163.15,1252.99,1390.11,1361.74,1200.98,1199.56,1241.55,1241.93,1240.75,1326.14,1311.39,1297.87
温州市,,,,,100.0,106.29,115.6,164.15,251.33,251.53,231.15,209.24,208.26,150.49,165.12,152.38,161.34,171.21,194.11,131.43,153.3,134.73,103.37,100.54,74.19,96.88,100.29,102.36,91.74,99.73,96.25,81.47,83.49,81.27,77.16,87.46,83.83,79.8,108.82,111.51,107.48,106.14,95.39,103.45,103.83,112.23,113.71,118.18,129.63,107.53,118.14
湖州市,,,,,100.0,104.85,112.97,123.81,124.25,160.28,154.82,185.32,169.19,175.57,166.3,191.08,169.95,171.9,162.07,161.97,167.42,158.45,156.11,132.99,137.42,121.71,128.87,135.24,126.63,123.55,122.35,125.22,115.68,123.63,80.34,130.44,155.45,108.81,130.66,153.19,159.95,148.69,148.69,153.2,165.82,152.8,156.38,118.55,159.08,173.9,155.47
潍坊市,,,,,,,,,100.0,107.1,113.44,115.5,118.33,116.2,117.46,108.25,110.49,123.02,149.84,107.01,119.2,150.03,127.42,124.54,134.12,101.42,116.39,107.69,94.16,97.06,92.8,103.72,101.07,103.7,99.12,93.88,148.96,141.45,121.0,116.83,133.52,133.52,158.56,129.35,121.51,128.23,120.64,128.11,161.7,168.38,169.8
烟台市,,,,,100.0,97.83,95.32,103.96,109.07,115.49,121.21,123.01,118.55,122.83,112.38,114.57,120.16,114.14,121.58,129.27,151.95,150.24,133.8,114.58,114.94,116.99,117.94,114.78,119.29,110.66,108.73,111.22,91.69,96.48,85.67,95.86,107.75,107.75,106.51,89.17,81.74,104.03,96.6,96.6,98.73,91.45,87.98,104.65,112.95,115.82,107.03
牡丹江市,,,,,,,,,100.0,104.13,109.76,119.18,108.5,111.55,120.82,145.79,138.93,123.24,120.15,146.58,159.04,159.89,157.25,88.19,128.39,113.89,102.66,130.52,128.82,122.83,107.52,114.21,95.48,86.31,54.79,82.58,140.64,175.48,189.24,189.24,184.94,189.24,193.54,159.13,177.06,160.46,177.15,192.72,180.72,188.12,177.58
珠海市,,,,,100.0,104.47,106.79,93.88,90.8,107.48,124.58,133.34,137.16,138.45,129.77,129.37,159.76,163.5,168.17,142.44,130.73,154.29,156.75,140.58,158.16,128.77,142.01,165.91,175.04,213.24,159.71,165.2,160.12,154.04,243.55,219.99,204.21,270.11,250.62,263.0,287.75,259.9,250.62,281.56,257.58,264.82,244.74,284.37,285.92,252.54,295.76
盐城市,,,,,100.0,96.55,104.97,101.33,93.84,136.71,108.78,123.86,118.78,118.88,161.0,137.48,121.19,120.17,114.3,165.94,169.97,174.35,171.95,140.45,146.73,121.98,128.32,146.14,155.41,151.9,139.01,157.12,161.86,133.05,76.89,131.79,146.91,193.36,162.03,198.04,190.84,172.84,176.44,172.84,157.72,164.89,193.19,159.7,217.75,224.7,204.17
石家庄市,100.0,102.83,119.51,120.55,144.82,156.31,158.14,166.25,182.09,166.41,158.42,183.87,184.53,170.52,154.08,170.81,171.79,238.92,241.92,199.14,199.83,214.36,247.58,223.76,234.68,216.02,212.77,210.84,201.31,193.14,199.19,243.06,260.87,282.25,339.59,378.76,380.39,354.27,353.73,402.71,413.59,402.71,380.94,386.38,358.41,402.38,434.81,429.1,490.92,454.73,453.8
福州市,,,,,100.0,139.46,122.17,125.94,127.72,116.47,139.78,169.32,167.88,164.87,170.22,173.47,189.71,197.63,199.76,203.75,205.41,200.53,208.13,188.99,172.51,161.75,165.04,163.81,166.44,146.76,122.0,148.12,129.02,113.69,142.31,147.15,164.83,160.84,173.01,207.23,169.21,197.73,182.52,199.63,390.0,348.44,273.72,295.68,274.06,371.93,334.97
秦皇岛市,,,,,,,,,100.0,111.28,111.65,123.32,117.73,114.34,106.8,112.85,143.84,118.43,131.94,135.19,126.09,121.57,132.18,95.93,105.01,104.34,90.55,99.53,103.16,95.08,91.28,97.74,98.04,108.23,76.07,138.39,112.81,104.67,135.68,158.94,151.19,131.81,124.06,133.75,130.26,151.62,130.88,147.34,125.05,122.61,124.26
绍兴市,,,,,,,,,100.0,108.4,97.43,109.98,109.74,110.23,106.76,111.51,101.88,116.7,115.2,120.48,119.72,113.09,121.07,106.48,107.36,101.3,101.99,99.98,94.64,95.04,93.89,90.35,94.91,87.68,78.7,88.54,95.7,98.96,99.83,112.85,119.36,117.19,125.87,115.02,112.72,115.76,133.36,133.03,134.79,128.19,146.2
绵阳市,,,,,100.0,120.03,134.22,135.29,118.32,99.59,126.73,152.89,154.39,153.52,166.93,176.45,110.69,178.27,182.46,103.99,142.04,157.94,190.9,157.97,145.13,143.38,142.15,136.84,130.75,116.89,132.06,108.28,91.31,90.89,73.35,118.27,114.13,197.66,140.59,143.35,132.32,99.24,165.4,129.56,110.13,118.43,131.33,165.65,204.85,213.89,140.29
芜湖市,,,,,,,,,100.0,102.78,107.4,105.0,109.6,101.34,100.9,103.02,96.24,102.49,103.71,90.35,101.73,94.48,97.61,93.63,102.55,91.26,76.04,86.01,89.43,79.24,82.34,74.68,86.27,66.2,46.61,74.95,80.93,83.69,88.9,96.56,102.69,91.96,98.09,88.89,103.45,93.2,97.28,115.46,78.09,86.14,92.58
苏州市,100.0,76.36,63.14,82.88,95.29,115.03,109.29,101.49,115.92,110.73,123.04,138.27,119.73,121.43,117.4,118.01,121.9,118.96,131.19,130.15,124.04,119.92,124.69,117.24,120.49,113.81,118.64,116.18,114.31,116.1,118.12,124.88,143.48,113.93,181.28,201.16,183.16,192.8,212.08,222.79,248.5,254.93,248.5,252.78,242.73,238.04,248.62,276.81,271.39,308.56,270.21
蚌埠市,,,,,100.0,89.17,102.97,132.9,137.57,153.6,156.13,166.39,162.37,171.93,179.79,174.43,164.14,174.92,178.71,196.84,199.19,210.93,205.05,166.99,120.94,182.94,156.12,192.72,180.56,158.47,145.65,173.7,178.26,151.29,91.35,151.34,213.96,267.88,289.91,313.1,324.7,336.3,376.89,307.31,334.04,317.4,362.34,356.83,324.65,343.73,332.25
襄阳市,,,,,,,,,100.0,94.12,108.72,100.22,96.74,139.02,123.1,151.23,131.26,145.27,167.07,130.65,175.72,111.7,89.99,76.43,71.62,119.64,119.72,111.86,98.58,77.83,92.04,116.93,112.45,112.43,68.88,105.46,117.09,141.13,134.41,136.99,165.42,136.99,121.48,139.57,132.69,153.88,154.42,160.34,166.13,140.93,145.19
西安市,,,,,100.0,132.01,128.2,154.27,223.44,206.02,207.29,230.69,231.94,202.91,172.03,200.37,235.09,249.4,237.55,216.03,224.34,279.68,238.2,221.93,225.69,210.34,192.63,179.99,168.52,179.63,191.58,202.64,184.66,177.44,227.21,252.49,248.97,263.93,278.59,325.51,325.51,337.24,331.37,340.17,349.14,373.33,372.89,377.2,369.75,347.76,348.23
贵阳市,,,,,100.0,109.94,105.92,90.71,127.45,114.12,132.42,133.0,121.58,123.08,114.78,131.53,139.55,194.33,156.24,196.54,173.65,196.66,207.06,176.83,144.18,142.3,144.66,164.25,170.7,154.59,140.13,128.64,103.16,88.93,146.12,173.86,175.33,179.74,186.11,238.35,202.43,207.33,191.0,194.26,178.59,260.83,189.12,293.78,157.45,206.9,266.57
赣州市,,,,,,,,,100.0,107.15,121.22,157.66,131.07,116.32,107.03,119.37,155.1,162.84,157.03,163.81,150.57,161.12,152.36,127.78,120.49,105.25,106.72,104.59,98.54,86.94,91.22,84.83,67.45,66.39,67.37,66.27,96.46,106.03,112.9,120.26,127.62,137.44,120.26,130.08,118.03,133.2,129.91,132.02,127.28,144.93,134.47
遵义市,,,,,,,,,100.0,170.15,151.54,218.13,244.7,233.35,240.62,330.9,370.3,331.08,326.48,431.92,376.0,384.27,372.62,341.01,172.48,313.39,312.19,331.38,299.47,184.53,297.29,296.33,236.63,235.7,155.98,251.67,263.57,316.28,334.42,351.42,408.1,328.75,340.09,311.75,348.37,355.85,413.95,396.49,488.2,458.44,376.2
郑州市,100.0,83.41,59.83,95.8,113.31,172.54,176.74,192.03,238.74,230.4,232.6,276.97,248.64,233.59,206.66,244.68,254.66,291.5,285.41,293.59,246.45,296.67,259.43,218.31,169.08,184.45,214.72,204.14,198.06,194.33,181.64,211.57,200.96,199.87,165.87,151.23,172.47,209.85,215.23,252.05,249.22,249.22,243.56,252.06,286.92,331.33,336.88,374.18,372.42,306.35,343.71
重庆市,100.0,87.97,66.21,83.46,89.75,110.12,106.9,115.14,105.98,108.32,145.62,196.2,207.1,184.46,200.52,211.55,213.16,229.1,181.56,230.08,234.28,228.53,206.51,192.43,183.95,171.78,165.11,161.24,159.84,164.79,166.84,175.98,136.18,125.26,167.69,207.68,197.9,204.67,168.05,223.23,243.3,270.89,268.38,278.41,266.62,267.82,243.42,251.97,284.95,320.54,273.91
金华市,,,,,,,,,100.0,115.82,127.76,139.38,144.92,136.51,127.16,131.62,140.25,143.5,145.29,150.67,140.11,133.3,129.97,117.55,112.76,105.97,113.79,114.04,100.58,102.22,95.98,94.56,101.76,92.17,86.26,106.32,126.81,134.56,119.98,121.83,125.52,112.6,110.75,110.75,128.32,123.67,122.77,102.39,106.65,86.14,105.32
银川市,,,,,100.0,110.57,112.23,121.42,117.83,137.22,133.7,158.42,144.4,161.37,157.8,163.69,158.64,188.6,178.19,169.91,160.67,187.48,182.74,142.14,131.66,128.25,149.01,143.27,125.34,125.14,149.07,154.96,146.99,150.95,111.08,181.12,157.44,282.83,208.99,185.77,199.7,171.83,190.41,213.63,190.55,224.96,224.12,207.4,176.75,195.19,222.54
锦州市,,,,,,,,,100.0,120.93,113.75,123.98,133.07,123.48,141.67,127.31,147.01,152.15,169.71,162.83,144.53,156.44,150.46,123.74,116.92,115.6,133.77,123.48,88.45,108.45,114.09,117.88,119.09,115.07,62.31,117.36,150.89,197.59,175.64,203.58,167.65,187.61,167.65,175.63,174.95,155.75,142.62,171.96,201.78,171.32,180.54
镇江市,,,,,,,,,100.0,104.27,110.63,110.22,129.61,113.42,119.62,114.44,124.24,122.97,135.24,131.44,145.42,147.12,144.54,51.52,124.46,117.49,115.07,119.73,108.88,107.57,101.3,104.99,109.35,107.09,66.92,101.94,95.03,116.63,118.07,109.43,115.19,126.71,100.79,103.67,103.35,108.53,102.14,106.37,93.47,103.58,95.55
长春市,100.0,97.01,92.01,101.29,112.23,123.72,132.29,144.49,163.57,173.68,178.88,200.24,189.67,185.97,171.97,191.92,190.76,213.34,223.87,239.68,242.97,244.52,264.22,240.23,215.55,197.64,208.93,217.56,211.57,172.75,204.69,187.12,171.1,164.61,182.98,170.57,166.91,173.0,186.81,211.18,211.18,203.06,211.18,219.3,221.37,240.74,224.78,202.32,191.03,222.06,244.23
长沙市,,,,,100.0,117.84,117.88,131.47,133.14,120.5,151.8,166.07,155.9,166.18,150.26,165.02,181.9,202.86,206.84,209.11,205.03,189.8,200.43,154.66,147.55,135.66,139.06,138.19,138.66,120.35,112.61,124.35,104.78,106.21,131.87,163.43,156.52,150.86,169.72,194.86,201.15,178.1,199.05,199.05,193.94,205.25,192.91,199.43,180.05,194.13,179.71
青岛市,100.0,98.89,118.37,118.6,118.42,121.39,127.19,142.71,141.06,140.58,150.62,165.93,149.89,153.08,142.88,169.4,199.56,177.51,174.1,176.3,175.14,173.63,176.66,144.04,140.21,127.79,135.63,143.16,142.75,144.93,149.5,160.05,173.94,162.05,191.09,196.12,197.83,207.21,218.86,224.54,230.22,218.85,244.43,252.96,228.46,257.56,259.01,288.17,266.71,271.12,227.8
马鞍山市,,,,,,,,,100.0,99.4,99.96,100.98,94.03,89.76,100.11,105.04,90.28,89.16,93.33,98.9,120.22,116.15,104.79,108.76,86.77,106.24,105.55,104.72,97.56,80.56,80.38,86.95,85.73,77.76,48.78,86.92,112.53,130.38,113.82,106.06,121.58,108.65,134.52,121.59,112.12,115.22,136.82,113.72,116.72,99.83,128.29
